id,seq_id,x,y,z
1,0,371863.6606,144106.2649,0
1,1,371698.0164,144079.9515,0
1,2,371223.2732,144084.8502,0
1,3,371218.4761,144084.5634,0
1,4,371218.4761,144084.5634,0
1,5,371213.5102,144083.0893,0
1,6,370934.5615,144065.4801,0
2,0,371893.7544,144105.6511,0
2,1,371941.8929,143954.1244,0
2,2,371963.7179,143514.2578,0
3,0,371863.5731,144132.5574,0
3,1,371702.1753,144448.5152,0
3,2,371667.1444,144594.4771,0
3,3,371737.2061,144740.439,0
4,0,370487.1528,144024.4326,0
4,1,370518.9677,143813.3622,0
4,2,370521.3343,143448.4101,0
4,3,370466.5122,143254.8797,0
4,4,370458.0543,143038.335,0
4,5,370496.0977,142771.4685,0
5,0,370493.6505,144048.6394,0
5,1,370924.2522,144077.4253,0
6,0,370456.2879,144031.8348,0
6,1,369914.6029,144002.6274,0
7,0,370464.5895,144055.6502,0
7,1,370452.1495,144516.0861,0
7,2,370433.7082,144634.5363,0
8,0,364666.8203,143064.7152,0
8,1,364907.6597,143084.188,0
8,2,365106.5059,143072.5123,0
8,3,365413.3567,142832.4734,0
8,4,365659.377,142617.3283,0
8,5,365650.5492,142254.7771,0
8,6,365622.8161,141895.8206,0
8,7,365759.2198,141672.9618,0
9,0,364606.4296,143066.7057,0
9,1,364600.4149,143232.7099,0
9,2,364605.2266,143339.7706,0
9,3,364644.9233,143461.2664,0
9,4,364751.984,143693.4317,0
10,0,364643.7204,143034.2266,0
10,1,364653.3438,142957.2392,0
10,2,364650.9379,142885.0634,0
10,3,364638.9087,142846.5697,0
10,4,364591.9944,142587.94,0
10,5,364466.8898,142347.3542,0
10,6,364187.8103,141885.4295,0
10,7,363918.3542,141664.0905,0
10,8,363658.5215,141538.9859,0
11,0,369246.003,143980.0471,0
11,1,369899.965,144015.9386,0
12,0,369246.8785,143960.6213,0
12,1,369662.1695,143345.7771,0
12,2,369894.9987,143029.48,0
12,3,369912.0267,142720.6647,0
13,0,369223.7115,143971.0629,0
13,1,368266.0619,143968.6449,0
14,0,368238.1467,143971.1315,0
14,1,367373.7046,144004.9288,0
15,0,368265.6198,143980.4606,0
15,1,369221.0993,143983.2113,0
16,0,368250.8492,143957.5634,0
16,1,367356.1509,143058.2881,0
17,0,367331.249,144005.3029,0
17,1,366370.4542,143969.6704,0
18,0,367345.6673,144038.0777,0
18,1,367369.6657,144642.4459,0
19,0,367369.8028,144017.18,0
19,1,368235.4702,143984.2539,0
20,0,366352.6344,143956.4025,0
20,1,366296.4473,142956.9146,0
21,0,366357.6512,143983.6883,0
21,1,367332.7748,144020.4178,0
22,0,366327.6929,143973.0522,0
22,1,366020.621,144210.1595,0
23,0,366031.6666,144218.3312,0
23,1,366332.6234,143989.3145,0
24,0,366011.71,144237.9259,0
24,1,366072.427,144609.0327,0
24,2,366073.013,144613.4891,0
24,3,366073.013,144613.4891,0
24,4,366073.5989,144617.9454,0
24,5,366084.9797,144704.7943,0
24,6,366080.1679,144808.8476,0
24,7,366069.943,144908.0893,0
24,8,366044.6815,144965.2284,0
24,9,366001.3761,145082.2132,0
24,10,365920.1876,145159.2786,0
24,11,365822.7172,145241.0282,0
25,0,366006.1328,144210.5952,0
25,1,365350.5548,143669.4861,0
26,0,365340.7784,143673.5188,0
26,1,365996.644,144223.0084,0
27,0,365322.8522,143658.9637,0
27,1,364794.451,143694.2646,0
28,0,365355.63,143658.4625,0
28,1,365710.0415,143335.8096,0
28,2,366275.4631,142954.9074,0
29,0,367605.1994,140964.6744,0
29,1,367671.7005,141253.1335,0
29,2,367662.4864,141486.8218,0
30,0,367607.4589,140925.3249,0
30,1,367587.5621,140883.3979,0
30,2,367523.1828,140839.4233,0
30,3,367288.526,140730.3768,0
30,4,367016.8672,140687.2625,0
30,5,366718.4967,140760.9249,0
30,6,366654.6397,140798.5031,0
31,0,367620.5347,140949.5862,0
31,1,368297.282,140786.6467,0
32,0,366498.5895,141405.8769,0
32,1,366503.5183,141235.7721,0
32,2,366503.5183,141096.611,0
32,3,366639.9615,140832.2801,0
33,0,366493.0913,141440.8472,0
33,1,366630.7981,141705.0025,0
33,2,366814.5666,141833.6405,0
33,3,367059.5914,141845.8917,0
33,4,367221.2502,141815.1081,0
34,0,366477.234,141417.0827,0
34,1,366036.5952,141420.2425,0
35,0,366664.1226,140810.0291,0
35,1,366726.484,140774.9918,0
35,2,367019.8933,140702.1368,0
35,3,367283.3066,140744.0385,0
35,4,367512.5621,140852.4201,0
35,5,367574.2815,140893.1629,0
35,6,367595.4684,140932.4546,0
36,0,366633.8573,140797.9221,0
36,1,366090.8039,140272.0948,0
37,0,366630.6267,140826.0412,0
37,1,366482.8435,141092.9276,0
37,2,366482.8435,141233.8169,0
37,3,366486.7797,141405.5375,0
38,0,371916.6521,141524.7595,0
38,1,371370.2152,141689.8327,0
39,0,371945.2764,141510.4131,0
39,1,371971.607,140988.5829,0
39,2,371940.9789,140823.1912,0
39,3,371751.0847,140712.9301,0
39,4,371439.3023,140467.0855,0
40,0,371926.9338,141540.427,0
40,1,371954.2213,143483.802,0
41,0,371339.133,141697.7428,0
41,1,370510.4655,141978.5687,0
42,0,371364.5709,141682.1104,0
42,1,371367.8529,141241.4143,0
42,2,371328.9726,141004.7917,0
42,3,371106.2309,140586.2315,0
43,0,371374.8769,141700.0259,0
43,1,371918.5688,141534.7713,0
44,0,371250.4208,143543.5502,0
44,1,371944.7611,143509.9924,0
45,0,371244.5682,143521.8898,0
45,1,371244.5682,143364.1533,0
45,2,371189.4376,143290.6459,0
45,3,371066.9252,143296.7715,0
45,4,370999.5434,143388.6558,0
45,5,371011.7947,143498.917,0
45,6,371005.669,143572.4244,0
46,0,371234.178,143548.6461,0
46,1,371225.0653,143700.8716,0
46,2,371204.6306,143784.0699,0
46,3,371187.1152,143848.2931,0
46,4,371149.1651,143887.7028,0
46,5,371098.0784,143899.3798,0
46,6,371039.6937,143899.3798,0
47,0,371971.6123,143506.5817,0
47,1,372342.2812,143527.0877,0
48,0,371965.4642,143483.8635,0
48,1,371943.8839,141540.3655,0
49,0,371947.503,143493.7063,0
49,1,371250.5277,143526.7091,0
50,0,371951.55,143516.1828,0
50,1,371928.7361,143952.2449,0
50,2,371883.3679,144101.8466,0
51,0,370508.5017,142760.1017,0
51,1,371414.4403,142746.4408,0
52,0,370476.3069,142745.123,0
52,1,369920.793,142699.0916,0
53,0,370499.7882,142738.4325,0
53,1,370498.4128,141999.6277,0
54,0,370482.454,142768.9049,0
54,1,370440.9671,143038.9948,0
54,2,370447.0928,143259.5171,0
54,3,370502.2233,143449.4113,0
54,4,370502.2233,143810.8228,0
54,5,370470.724,144024.1768,0
55,0,370486.1176,141966.4323,0
55,1,369867.5363,141479.2637,0
55,2,369640.2771,141359.3164,0
55,3,369496.1607,141126.727,0
56,0,370476.87,141986.6912,0
56,1,370133.5779,142110.4459,0
57,0,370486.1616,142000.2462,0
57,1,370485.726,142737.3442,0
58,0,370512.1387,141984.3715,0
58,1,371342.8634,141706.9763,0
59,0,370107.8315,142111.5399,0
59,1,369703.5292,142021.3909,0
60,0,370133.3965,142119.6307,0
60,1,370479.8817,141992.0353,0
61,0,369681.8057,142007.631,0
61,1,369531.9448,141913.0407,0
61,2,369014.6334,141649.2335,0
61,3,368596.746,141394.7454,0
62,0,369679.9736,142030.7743,0
62,1,369664.6117,142194.0365,0
62,2,369735.8626,142336.2861,0
62,3,369885.0505,142419.7832,0
62,4,369889.966,142425.9667,0
62,5,369889.966,142425.9667,0
62,6,369894.8816,142432.1501,0
62,7,369898.1536,142689.6189,0
63,0,369702.7922,142030.2501,0
63,1,370107.1588,142117.7169,0
64,0,369886.6922,142696.9342,0
64,1,369286.1602,142714.7384,0
65,0,369912.2673,142689.6461,0
65,1,369908.0212,142431.4182,0
65,2,369912.9978,142421.5824,0
65,3,369912.9978,142421.5824,0
65,4,369917.9744,142411.7466,0
65,5,370113.9085,142134.9069,0
66,0,369894.3774,142719.66,0
66,1,369876.4362,143022.4975,0
66,2,369643.1414,143333.0245,0
66,3,369228.5817,143959.5115,0
67,0,369919.2605,142711.2914,0
67,1,370476.4298,142754.7727,0
68,0,369264.0901,142726.2355,0
68,1,369196.1041,142936.019,0
68,2,369036.9537,143051.4932,0
68,3,368806.2439,143136.4149,0
68,4,368435.1591,143148.5976,0
68,5,368097.9815,143031.3567,0
68,6,367709.8509,142726.9996,0
68,7,367460.9157,142295.6248,0
69,0,369287.1214,142722.3079,0
69,1,369885.731,142708.6299,0
70,0,369281.26,142701.3931,0
70,1,369270.9054,142471.1918,0
70,2,369111.6393,142293.5489,0
70,3,368860.489,142201.6646,0
70,4,368731.851,142048.5242,0
70,5,368523.58,141975.0167,0
70,6,368413.3188,141870.8812,0
70,7,368045.365,141686.2489,0
71,0,367332.2723,143043.7625,0
71,1,366303.5159,142939.5861,0
72,0,367350.5532,143064.7855,0
72,1,368240.4709,143960.9336,0
73,0,367352.5381,143038.6611,0
73,1,367239.1824,142504.7763,0
74,0,366039.7728,141428.8298,0
74,1,366475.9359,141427.5257,0
75,0,366027.0899,141404.0451,0
75,1,366034.2751,141175.1073,0
75,2,365917.8469,140975.4855,0
75,3,365646.9058,140685.3648,0
75,4,365409.899,140425.3851,0
75,5,365374.9834,140233.2815,0
75,6,365445.9413,139866.5942,0
76,0,366001.4168,141427.901,0
76,1,365768.314,141637.8338,0
77,0,365747.0816,141664.4635,0
77,1,365594.6288,141895.3837,0
77,2,365625.2569,142256.7952,0
77,3,365631.3825,142618.2067,0
77,4,365392.4833,142808.1009,0
77,5,365092.328,143047,0
77,6,364920.8107,143059.2512,0
77,7,364670.9705,143044.0808,0
78,0,365755.2467,141642.0917,0
78,1,365165.8355,140958.164,0
78,2,364945.3132,140933.6616,0
78,3,364798.1728,140939.0574,0
79,0,365775.873,141644.987,0
79,1,366014.5327,141433.9045,0
80,0,365766.9503,141669.9995,0
80,1,366279.7726,142186.2926,0
81,0,366273.3117,142943.7703,0
81,1,365698.7643,143322.6528,0
81,2,365348.3837,143645.6355,0
82,0,366296.2213,142928.4955,0
82,1,366300.313,142206.2828,0
83,0,366302.9933,142949.081,0
83,1,367331.6202,143054.59,0
84,0,366284.5013,142959.3105,0
84,1,366332.6283,143958.7054,0
85,0,366288.2856,142174.8889,0
85,1,365776.2929,141664.4874,0
86,0,366306.2084,142201.1615,0
86,1,366677.0451,142395.0022,0
86,2,366864.9541,142462.9468,0
86,3,367213.1157,142504.1999,0
87,0,366285.8839,142204.4056,0
87,1,366282.9274,142929.9028,0
88,0,367217.5467,142490.6095,0
88,1,366868.7574,142446.6894,0
88,2,366684.9889,142379.3076,0
88,3,366310.7051,142192.1976,0
89,0,367226.8444,142507.9281,0
89,1,367343.4965,143039.7383,0
90,0,367246.739,142494.7952,0
90,1,367441.2314,142300.1022,0
91,0,367462.7553,142281.9973,0
91,1,368022.4925,141701.474,0
92,0,367442.5443,142269.2916,0
92,1,367245.7022,141819.8675,0
93,0,367452.6907,142300.5214,0
93,1,367697.177,142740.5477,0
93,2,368092.4887,143044.9148,0
93,3,368429.3977,143167.4272,0
93,4,368809.186,143155.1759,0
93,5,369048.0852,143069.4173,0
93,6,369213.4769,142946.9049,0
93,7,369274.1946,142731.4414,0
94,0,367432.6471,142292.3449,0
94,1,367242.5401,142481.5464,0
95,0,367249.36,141805.1485,0
95,1,367653.537,141513.4874,0
96,0,367231.9913,141823.9627,0
96,1,367433.864,142271.917,0
97,0,367219.5306,141807.8259,0
97,1,367060.2712,141840.3288,0
97,2,366815.5064,141827.0621,0
97,3,366640.4556,141696.4689,0
97,4,366504.6785,141434.9727,0
98,0,367674.6761,141511.0956,0
98,1,368009.1489,141682.0891,0
99,0,367672.8626,141485.7748,0
99,1,367683.9175,141252.1937,0
99,2,367617.1426,140960.3178,0
100,0,367651.1101,141507.2426,0
100,1,367245.6784,141798.2366,0
101,0,368039.0217,141676.8377,0
101,1,368567.9977,141394.1588,0
102,0,368043.118,141700.5421,0
102,1,368395.0433,141891.3561,0
102,2,368512.0685,141993.7635,0
102,3,368716.7047,142071.0371,0
102,4,368855.9001,142236.4774,0
102,5,369099.6566,142323.67,0
102,6,369245.9517,142477.0304,0
102,7,369265.6514,142699.3169,0
103,0,368012.3068,141673.956,0
103,1,367676.8536,141503.3799,0
104,0,368012.5186,141695.5832,0
104,1,367457.693,142271.2073,0
105,0,368317.9704,140758.6023,0
105,1,368333.7201,140168.1899,0
106,0,368297.6362,140774.3198,0
106,1,367620.2687,140937.6545,0
107,0,368331.1236,140778.7908,0
107,1,368955.0503,140787.3796,0
107,2,369003.4276,140787.0028,0
107,3,369040.4133,140783.6968,0
107,4,369078.3104,140771.6648,0
107,5,369100.9003,140743.2659,0
107,6,369103.5013,140706.2564,0
107,7,369139.1777,140198.6238,0
108,0,368314.2028,140791.0985,0
108,1,368571.1189,141374.1036,0
109,0,368598.4693,141385.5731,0
109,1,369469.9935,141133.0515,0
110,0,368579.9217,141370.9342,0
110,1,368323.9604,140788.2768,0
111,0,368588.8576,141404.771,0
111,1,369007.5552,141662.1232,0
111,2,369522.1072,141925.5248,0
111,3,369672.7783,142015.461,0
112,0,368563.7789,141384.5186,0
112,1,368026.8415,141669.3509,0
113,0,369498.5232,141112.9316,0
113,1,369836.7003,140802.2001,0
114,0,369462.7408,141117.187,0
114,1,368595.4625,141375.8982,0
115,0,369485.0316,141136.1489,0
115,1,369626.9561,141379.6484,0
115,2,369853.604,141502.1608,0
115,3,370477.5116,141971.5769,0
116,0,369839.499,140775.6633,0
116,1,369822.0097,140217.8726,0
117,0,369850.7021,140790.5544,0
117,1,371077.1467,140583.3009,0
118,0,369821.8028,140798.1099,0
118,1,369490.8663,141102.9253,0
119,0,371073.7293,140573.1519,0
119,1,369850.7518,140778.3024,0
120,0,371106.6394,140578.0465,0
120,1,371411.2193,140471.6987,0
121,0,371092.0387,140590.102,0
121,1,371306.7681,141010.2318,0
121,2,371342.1293,141249.1309,0
121,3,371345.4014,141681.9989,0
122,0,371407.4406,140462.0583,0
122,1,371107.6748,140564.7355,0
123,0,371424.6459,140479.0196,0
123,1,371748.8824,140740.9545,0
123,2,371912.7859,140836.3479,0
123,3,371946.5561,140987.3418,0
123,4,371928.9205,141507.4067,0
124,0,371442.8778,140458.3705,0
124,1,372740.0764,140078.1296,0
125,0,371424.4274,140450.2797,0
125,1,371228.5962,139731.0887,0
126,0,371216.7391,139738.8767,0
126,1,371409.971,140453.7689,0
127,0,371231.971,139711.9848,0
127,1,371633.3055,139394.0082,0
128,0,371201.59,139716.2995,0
128,1,370531.1579,139693.1149,0
128,2,370527.5095,139692.9387,0
128,3,370527.5095,139692.9387,0
128,4,370523.8612,139692.7625,0
128,5,369860.8065,139668.2343,0
129,0,369799.6691,140192.7472,0
129,1,369152.109,140172.3194,0
130,0,369821.1166,140184.5114,0
130,1,369855.1678,139688.941,0
131,0,369808.0123,140217.8287,0
131,1,369826.465,140776.6161,0
132,0,369842.3761,139688.0031,0
132,1,369809.9122,140184.1557,0
133,0,369862.9706,139677.2563,0
133,1,370524.2814,139699.7165,0
133,2,370528.8488,139699.5501,0
133,3,370528.8488,139699.5501,0
133,4,370533.4162,139699.3837,0
133,5,371200.7413,139725.0669,0
134,0,369851.421,139657.0078,0
134,1,369844.2063,139089.1498,0
135,0,369834.778,139664.2489,0
135,1,368530.4111,139625.6264,0
136,0,368505.498,139646.9826,0
136,1,368322.3952,140138.2682,0
137,0,368498.0229,139626.0333,0
137,1,367810.2232,139628.8877,0
137,2,367516.1935,139622.762,0
137,3,367402.1768,139616.1524,0
137,4,367384.3693,139615.1201,0
137,5,367384.3693,139615.1201,0
137,6,367366.5619,139614.0877,0
137,7,367093.5258,139598.2596,0
137,8,366971.0134,139567.6315,0
137,9,366836.2498,139438.9935,0
137,10,366799.4961,139267.4762,0
137,11,366792.7052,138948.6396,0
138,0,368518.8938,139617.6944,0
138,1,368308.2778,139068.4107,0
139,0,368530.8524,139637.9354,0
139,1,369831.9873,139675.434,0
140,0,368309.4159,140147.833,0
140,1,367929.638,140162.5993,0
140,2,367640.4752,140159.4112,0
140,3,367635.6896,140159.3155,0
140,4,367635.6896,140159.3155,0
140,5,367630.904,140159.2198,0
140,6,367582.392,140158.7708,0
140,7,367141.3475,140118.9543,0
140,8,366865.6946,139996.4419,0
140,9,366761.7124,139916.1084,0
140,10,366756.7788,139912.5888,0
140,11,366756.7788,139912.5888,0
140,12,366751.8453,139909.0692,0
140,13,366602.293,139794.2965,0
140,14,366429.6267,139618.0803,0
140,15,366330.6599,139561.523,0
140,16,366204.0338,139528.8426,0
140,17,366197.8779,139527.1993,0
140,18,366197.8779,139527.1993,0
140,19,366191.722,139525.5559,0
140,20,366082.3288,139502.8769,0
140,21,365830.8136,139512.0653,0
140,22,365456.7082,139834.2465,0
141,0,368341.6218,140157.9759,0
141,1,369109.7766,140183.5034,0
142,0,368334.9305,140138.4803,0
142,1,368520.216,139648.1801,0
143,0,368320.3198,140169.6038,0
143,1,368308.3464,140757.4233,0
144,0,365432.9227,139862.3586,0
144,1,365357.6434,140236.2808,0
144,2,365394.3972,140432.3006,0
144,3,365627.1707,140695.7022,0
144,4,365896.6979,140983.6063,0
144,5,366013.0846,141179.6261,0
144,6,366008.8613,141406.1662,0
145,0,365436.0642,139835.2329,0
145,1,365040.0168,139504.9999,0
146,0,365461.5236,139844.1367,0
146,1,365835.6402,139525.9011,0
146,2,366080.0866,139514.6497,0
146,3,366185.9668,139535.8707,0
146,4,366193.437,139537.336,0
146,5,366193.437,139537.336,0
146,6,366200.9073,139538.8013,0
146,7,366327.4114,139571.8068,0
146,8,366423.0483,139626.5382,0
146,9,366591.445,139807.7417,0
146,10,366739.9355,139916.7311,0
146,11,366747.4887,139921.7968,0
146,12,366747.4887,139921.7968,0
146,13,366755.0418,139926.8626,0
146,14,366858.0672,140006.0588,0
146,15,367136.1788,140131.1712,0
146,16,367579.4471,140173.5878,0
146,17,367630.9961,140173.1345,0
146,18,367635.8842,140173.0531,0
146,19,367635.8842,140173.0531,0
146,20,367640.7723,140172.9717,0
146,21,367929.1681,140174.3464,0
146,22,368309.5888,140159.4112,0
147,0,371754.5603,144730.2487,0
147,1,371686.1992,144594.179,0
147,2,371723.5304,144452.5724,0
147,3,371882.8699,144136.1693,0
148,0,371727.6188,144748.2501,0
148,1,371539.9619,144816.817,0
148,2,371244.0413,144974.4007,0
148,3,371061.1961,145205.3631,0
148,4,371041.9493,145426.702,0
148,5,371128.5601,145763.5221,0
148,6,371301.7819,146206.2,0
149,0,371743.8583,144758.475,0
149,1,371843.7014,144924.4792,0
149,2,372015.7203,144983.4227,0
149,3,372252.6973,145013.4959,0
149,4,372573.8793,145007.4813,0
149,5,372783.189,144932.8997,0
149,6,372934.758,144810.2009,0
149,7,373032.496,144470.9749,0
149,8,373131.4369,144034.9132,0
149,9,373290.2235,143067.7583,0
150,0,372737.7681,140057.6207,0
150,1,371436.2487,140450.524,0
151,0,372754.9201,140089.3061,0
151,1,372920.9243,140755.1273,0
151,2,373094.1461,141178.5583,0
151,3,373209.6273,141890.6923,0
151,4,373286.6147,142448.8513,0
151,5,373255.0159,142993.0734,0
152,0,372787.5884,140065.2223,0
152,1,373876.8018,139874.1322,0
153,0,364796.2744,143709.0079,0
153,1,365325.003,143671.3946,0
154,0,364777.2455,143689.8229,0
154,1,364671.9892,143456.4547,0
154,2,364635.9013,143340.9735,0
154,3,364631.0896,143232.7099,0
154,4,364633.4955,143131.6639,0
154,5,364638.3072,143081.1409,0
154,6,364639.5101,143070.3145,0
155,0,364770.0279,143724.7079,0
155,1,364839.7978,143831.7685,0
155,2,364911.9735,144025.4401,0
155,3,364908.3648,144144.5301,0
155,4,364891.5237,144387.5217,0
155,5,364849.4212,144659.3837,0
155,6,364842.2037,144815.7645,0
155,7,364856.6388,145061.162,0
155,8,364869.871,145397.9821,0
155,9,364914.3794,145526.6955,0
155,10,365034.1605,145801.651,0
156,0,369121.8379,140196.98,0
156,1,369079.8454,140704.8177,0
156,2,369072.6224,140739.7231,0
156,3,369038.9748,140767.9737,0
156,4,369004.836,140773.3834,0
156,5,368957.1702,140772.9984,0
156,6,368330.6068,140767.9373,0
156,7,368330.4371,140767.9342,0
157,0,369150.2969,140184.7358,0
157,1,369798.0886,140206.1718,0
158,0,369112.2746,140170.7822,0
158,1,368340.9811,140146.7316,0
159,0,369911.0605,144016.5475,0
159,1,370455.8634,144046.448,0
160,0,369901.0231,144004.3461,0
160,1,369247.157,143969.09,0
161,0,370924.9935,144064.9744,0
161,1,370494.347,144037.789,0
162,0,370933.7454,144078.06,0
162,1,371213.5835,144096.7673,0
162,2,371216.2822,144097.2872,0
162,3,371216.2822,144097.2872,0
162,4,371218.981,144097.807,0
162,5,371695.1971,144094.048,0
162,6,371860.4347,144119.6215,0
163,0,370424.3501,144663.6169,0
163,1,370283.2031,145039.5555,0
163,2,370272.2957,145068.607,0
163,3,370272.2957,145068.607,0
163,4,370261.3882,145097.6585,0
163,5,370230.6911,145179.4188,0
163,6,370162.6,145375.4303,0
163,7,370114.8,145728.9597,0
163,8,370203.1824,146115.4903,0
163,9,370441.8649,146512.0079,0
163,10,370603.8262,146632.322,0
163,11,370617.5478,146642.5151,0
163,12,370617.5478,146642.5151,0
163,13,370631.2693,146652.7083,0
163,14,370839.0633,146807.0696,0
163,15,371053.8897,146953.7497,0
164,0,370457.8238,144634.5363,0
164,1,370474.8466,144518.9232,0
164,2,370482.758,144057.0145,0
165,0,367021.0517,146949.6666,0
165,1,367029.9841,146916.7284,0
165,2,367050.082,146894.9556,0
165,3,367093.6274,146882.6736,0
165,4,367154.4794,146897.1887,0
165,5,367210.8651,146917.2866,0
166,0,367012.3984,146944.6421,0
166,1,367019.3768,146711.5623,0
166,2,367019.3768,146653.5017,0
166,3,367014.9106,146564.1777,0
166,4,366997.9801,146487.7082,0
166,5,366977.5062,146458.6638,0
166,6,366912.188,146438.5659,0
166,7,366827.3302,146456.9889,0
166,8,366786.0179,146517.2826,0
166,9,366775.969,146570.877,0
166,10,366755.8711,146611.0728,0
166,11,366724.6077,146633.4038,0
166,12,366697.8105,146649.0355,0
166,13,366650.315,146653.3332,0
166,14,366605.653,146649.2989,0
167,0,366972.698,146984.5006,0
167,1,366970.455,147154.8692,0
167,2,366970.3203,147165.0976,0
167,3,366970.3203,147165.0976,0
167,4,366970.1856,147175.3261,0
167,5,366967.5679,147374.1561,0
168,0,372396.1569,147982.4707,0
168,1,371988.3708,147615.7789,0
169,0,372410.0796,147952.0492,0
169,1,372396.681,147831.4619,0
169,2,372378.8162,147710.8745,0
169,3,372374.35,147554.5575,0
169,4,372383.2824,147429.5039,0
169,5,372405.6134,147322.3151,0
169,6,372427.9444,147228.5249,0
169,7,372451.392,147128.0354,0
169,8,372473.723,147039.828,0
169,9,372493.3346,146949.8076,0
169,10,372519.3646,146899.6336,0
170,0,372386.9742,148034.8024,0
170,1,372899.422,148525.5974,0
171,0,371194.0222,148035.5778,0
171,1,371598.4971,147665.5364,0
172,0,371148.0991,148031.6034,0
172,1,371014.1132,148129.8598,0
172,2,370710.4116,148335.305,0
172,3,370566.9236,148440.8109,0
172,4,370554.088,148450.2488,0
172,5,370554.088,148450.2488,0
172,6,370541.2525,148459.6867,0
172,7,370406.71,148558.615,0
172,8,369933.2929,148710.4657,0
172,9,369379.4841,148728.3305,0
172,10,368879.2698,148656.8713,0
172,11,368655.9598,148513.953,0
172,12,368307.5963,148201.319,0
172,13,368057.4891,147781.4962,0
172,14,367843.1115,147317.0115,0
172,15,367692.8972,147136.7544,0
172,16,367679.8361,147121.081,0
172,17,367679.8361,147121.081,0
172,18,367666.7749,147105.4076,0
172,19,367619.8015,147049.0395,0
172,20,367259.0835,146892.2056,0
173,0,371212.0216,148052.5387,0
173,1,371322.5601,148023.5084,0
173,2,371425.2826,148001.1774,0
173,3,371552.5693,147990.0119,0
173,4,371688.7884,147983.3126,0
173,5,371847.3385,147981.0795,0
173,6,371972.3921,147981.0795,0
173,7,372110.8443,147990.0119,0
173,8,372220.2662,148001.1774,0
173,9,372339.737,148022.3919,0
174,0,373248.121,143059.9392,0
174,1,373103.7695,144029.5,0
174,2,373007.5352,144472.1779,0
174,3,372911.3009,144799.3745,0
174,4,372776.5728,144914.8557,0
174,5,372572.0749,144989.4373,0
174,6,372252.0958,144996.6549,0
174,7,372018.7276,144967.7846,0
174,8,371857.5351,144914.8557,0
174,9,371764.3081,144746.4457,0
175,0,373308.2675,143043.0982,0
175,1,373628.2466,143045.5041,0
175,2,373844.7738,143045.5041,0
175,3,374155.1295,143035.8807,0
175,4,374357.2215,142942.0522,0
175,5,374431.8031,142764.0187,0
175,6,374465.4851,142638.9141,0
175,7,374475.1086,142434.4162,0
176,0,373299.4128,142992.9738,0
176,1,373325.1085,142453.663,0
176,2,373250.5269,141881.0688,0
176,3,373132.6398,141168.9349,0
176,4,372956.4107,140749.7141,0
176,5,372780.1816,140085.0959,0
177,0,373916.4984,139882.5527,0
177,1,373987.4712,139880.1468,0
177,2,374081.9012,139879.5454,0
177,3,374182.9472,139887.3644,0
177,4,374240.6878,139907.8142,0
177,5,374318.2767,139961.946,0
177,6,374348.3499,139999.2368,0
177,7,374365.1909,140060.5862,0
177,8,374370.0026,140132.7619,0
177,9,374373.01,140148.4,0
178,0,373915.2955,139872.9293,0
178,1,374163.0989,139836.8414,0
178,2,374410.9022,139807.9711,0
178,3,374562.4713,139781.5067,0
178,4,374863.2035,139709.3309,0
178,5,374993.1199,139617.9083,0
178,6,375030.4107,139473.5569,0
178,7,375020.7872,139373.7137,0
178,8,374989.5111,139297.9292,0
178,9,374911.3207,139252.2179,0
178,10,374757.3458,139204.1008,0
178,11,374641.8646,139165.607,0
178,12,374560.0654,139136.7367,0
178,13,374486.6868,139112.6782,0
178,14,374444.5842,139038.0966,0
179,0,373875.326,139862.1029,0
179,1,372784.3603,140048.0154,0
180,0,374342.3353,139048.9229,0
180,1,374331.5089,139152.3748,0
180,2,374319.4796,139201.6949,0
180,3,374280.9859,139406.1928,0
180,4,374254.5215,139507.2389,0
180,5,374228.057,139598.6615,0
180,6,374172.7223,139694.8958,0
180,7,374088.5173,139774.2891,0
180,8,374033.1825,139807.9711,0
180,9,373970.6302,139824.2107,0
180,10,373921.3101,139836.8414,0
181,0,374419.3227,139008.0233,0
181,1,374409.6993,138497.9814,0
182,0,374361.5821,139041.7053,0
182,1,374388.0466,140148.4,0
183,0,374391.5514,140204.6962,0
183,1,374704.6954,142671.7696,0
183,2,374606.4866,143503.9089,0
183,3,374301.9221,145196.326,0
183,4,373886.9777,145647.9708,0
183,5,373625.7729,145908.7131,0
183,6,373254.1917,146182.9754,0
183,7,373203.3829,146225.0863,0
183,8,373183.9501,146241.1925,0
183,9,373183.9501,146241.1925,0
183,10,373164.5173,146257.2986,0
183,11,372872.0522,146499.697,0
183,12,372502.5698,146846.9945,0
184,0,374446.9901,140141.1824,0
184,1,374418.1198,139040.5024,0
185,0,374478.2663,140154.4147,0
185,1,374475.8604,139853.6824,0
185,2,374478.2663,139644.3728,0
185,3,374502.3248,139425.4397,0
185,4,374584.124,139314.7702,0
185,5,374709.2286,139281.0882,0
185,6,374858.3918,139271.4648,0
185,7,374949.8144,139329.2054,0
185,8,374959.4378,139396.5694,0
185,9,374959.4378,139540.9209,0
185,10,374930.5676,139627.5318,0
185,11,374819.8981,139690.0841,0
185,12,374567.283,139752.6364,0
185,13,374420.5257,139774.2891,0
185,14,374170.3164,139810.377,0
185,15,373922.5131,139848.8707,0
186,0,372484.0025,146861.0518,0
186,1,372026.7406,147236.8818,0
187,0,372529.2713,146872.6246,0
187,1,372897.7328,146519.7949,0
187,2,373187.8158,146283.6808,0
187,3,373204.3104,146270.255,0
187,4,373204.3104,146270.255,0
187,5,373220.805,146256.8291,0
187,6,373281.826,146207.1609,0
187,7,373656.9867,145930.2565,0
187,8,373916.0263,145671.217,0
187,9,374369.5055,145223.5477,0
187,10,374694.374,143487.7462,0
187,11,374776.6856,142672.6206,0
187,12,374451.2808,140193.7678,0
188,0,372469.3253,146851.6174,0
188,1,372334.7776,146877.9944,0
188,2,372153.2732,146882.3945,0
188,3,371925.497,146900.2593,0
188,4,371746.849,146904.7255,0
188,5,371581.5996,146918.124,0
188,6,371358.2897,146935.9888,0
188,7,371237.7023,146935.9888,0
188,8,371134.9797,146931.5226,0
188,9,371112.6487,146931.5226,0
189,0,372053.0925,147266.6646,0
189,1,372508.4255,146889.9154,0
190,0,371984.4404,147271.8029,0
190,1,371581.5655,147624.0654,0
191,0,372033.8023,147295.5179,0
191,1,372111.9608,147283.2359,0
191,2,372167.7883,147285.469,0
191,3,372230.3151,147294.4014,0
191,4,372266.0447,147316.7324,0
191,5,372299.5412,147341.2965,0
191,6,372333.0377,147412.7556,0
191,7,372321.8722,147473.0493,0
191,8,372298.4247,147531.1099,0
191,9,372251.5296,147567.9561,0
191,10,372183.42,147598.1029,0
191,11,372111.1228,147614.221,0
191,12,372064.504,147618.7556,0
191,13,371999.8149,147605.2886,0
192,0,371540.6032,147656.8348,0
192,1,371171.8194,148004.4939,0
193,0,371635.4314,147630.4848,0
193,1,372006.6432,147298.4462,0
194,0,371534.9877,147644.2285,0
194,1,371451.1049,147671.7244,0
194,2,371386.2034,147669.5621,0
194,3,371323.6766,147647.2311,0
194,4,371258.9167,147618.2008,0
194,5,371232.1195,147548.9747,0
194,6,371234.3526,147477.5155,0
194,7,371265.616,147397.1239,0
194,8,371303.5787,147356.9282,0
194,9,371361.6393,147343.5296,0
194,10,371417.4668,147327.8979,0
194,11,371475.5274,147323.4317,0
194,12,371526.8887,147323.4317,0
195,0,371963.892,147597.0641,0
195,1,371840.9253,147492.2368,0
195,2,371752.9742,147415.6342,0
195,3,371597.1392,147294.7176,0
196,0,371968.5422,147657.0015,0
196,1,372353.9717,148000.2329,0
197,0,371943.3618,147672.9118,0
197,1,371956.7604,147746.6041,0
197,2,371952.2942,147822.5295,0
197,3,371912.0984,147885.0562,0
197,4,371876.3688,147914.0865,0
197,5,371811.6089,147940.8837,0
197,6,371753.5483,147943.1168,0
197,7,371720.0518,147943.1168,0
197,8,371670.9236,147923.0189,0
197,9,371641.8933,147907.3872,0
197,10,371615.0961,147876.1238,0
197,11,371601.6975,147842.6273,0
197,12,371599.4644,147806.8978,0
197,13,371599.4644,147762.2358,0
197,14,371605.6066,147710.8745,0
197,15,371615.2377,147667.6761,0
198,0,371561.9554,147321.5271,0
198,1,371693.3945,147445.4241,0
198,2,371802.624,147516.3524,0
198,3,371938.1748,147636.8115,0
199,0,371575.837,147281.7556,0
199,1,371350.4562,147129.7932,0
199,2,371212.1461,147029.0751,0
199,3,371104.2071,146949.0978,0
200,0,371589.8402,147264.6677,0
200,1,371567.1599,147199.0722,0
200,2,371576.5786,147118.0573,0
200,3,371609.5134,147042.0611,0
200,4,371669.8071,146988.4667,0
200,5,371736.8001,146966.1357,0
200,6,371814.9586,146957.2033,0
200,7,371881.9515,146954.9702,0
200,8,371926.6135,146990.6998,0
200,9,371966.8093,147033.1287,0
200,10,371983.5576,147077.7907,0
200,11,371995.8396,147126.9189,0
200,12,371999.1893,147186.096,0
200,13,371991.3734,147249.7394,0
201,0,371088.528,146976.0618,0
201,1,371190.8676,147045.3886,0
201,2,371543.1187,147306.6844,0
202,0,371074.6185,146923.9754,0
202,1,370894.3874,146790.7561,0
202,2,370668.8746,146616.1108,0
202,3,370653.6997,146604.3588,0
202,4,370653.6997,146604.3588,0
202,5,370638.5247,146592.6068,0
202,6,370517.0489,146498.5315,0
202,7,370250.3586,146089.9846,0
202,8,370159.5704,145735.3432,0
202,9,370227.6615,145389.2132,0
202,10,370298.5898,145204.7997,0
202,11,370326.3123,145116.2082,0
202,12,370335.8014,145085.8845,0
202,13,370335.8014,145085.8845,0
202,14,370345.2904,145055.5608,0
202,15,370429.0979,144787.7414,0
202,16,370452.8588,144668.2272,0
203,0,371067.9867,146989.5832,0
203,1,371114.8818,147136.9678,0
203,2,371141.679,147253.089,0
203,3,371150.6114,147369.2102,0
203,4,371172.9424,147498.73,0
203,5,371181.8748,147605.9188,0
203,6,371177.4086,147699.709,0
203,7,371172.9424,147780.1006,0
203,8,371172.9424,147860.4921,0
203,9,371164.01,147936.4175,0
203,10,371155.0776,147994.4781,0
204,0,368888.4056,146593.6935,0
204,1,368898.0291,146478.2123,0
204,2,368883.5939,146377.1663,0
204,3,368811.4182,146314.614,0
204,4,368751.2717,146276.1202,0
204,5,368628.573,146179.8859,0
204,6,368561.209,146076.434,0
204,7,368551.5855,145965.7646,0
204,8,368551.5855,145855.0951,0
204,9,368580.4558,145734.8022,0
204,10,368589.1699,145727.5243,0
204,11,368589.1699,145727.5243,0
204,12,368597.8841,145720.2463,0
204,13,368744.0542,145724.5773,0
204,14,369197.5584,145725.7802,0
204,15,369418.8973,145677.6631,0
204,16,369572.8722,145696.9099,0
204,17,369572.8722,145841.2614,0
204,18,369572.8722,146081.8472,0
204,19,369510.3199,146500.4665,0
204,20,369503.1024,146570.2364,0
204,21,369491.5158,146622.9027,0
205,0,368895.6232,146621.3609,0
205,1,369278.1546,146647.8253,0
205,2,369470.6233,146657.7216,0
206,0,368853.9994,146635.9091,0
206,1,368849.1962,146671.9337,0
206,2,368810.7699,146835.2452,0
206,3,368707.4994,146986.5486,0
206,4,368613.8354,147077.8109,0
206,5,368418.1018,147172.6757,0
206,6,368292.0157,147235.1183,0
206,7,368245.1837,147317.9749,0
206,8,368169.532,147603.7701,0
207,0,369522.3728,146627.2137,0
207,1,369534.3785,146572.6422,0
207,2,369541.5961,146502.8724,0
207,3,369604.1484,146084.2531,0
207,4,369604.1484,145843.6673,0
207,5,369604.1484,145680.6704,0
207,6,369408.6163,145658.2428,0
207,7,369195.1525,145699.3158,0
207,8,368744.0542,145699.3158,0
207,9,368602.1078,145698.2154,0
207,10,368576.2452,145714.7044,0
207,11,368576.2452,145714.7044,0
207,12,368550.3826,145731.1934,0
207,13,368521.5123,145851.4863,0
207,14,368521.5123,145962.1558,0
207,15,368531.1357,146072.8252,0
207,16,368600.9056,146187.1035,0
207,17,368716.3868,146282.1349,0
207,18,368777.7362,146320.6286,0
207,19,368847.5061,146377.1663,0
207,20,368867.9559,146474.6035,0
207,21,368858.3324,146590.0847,0
208,0,369470.6233,146635.796,0
208,1,368899.232,146600.9111,0
209,0,369533.1756,146662.2604,0
209,1,369919.3158,146687.5219,0
209,2,370082.9141,146687.5219,0
209,3,370198.3953,146721.204,0
209,4,370299.4413,146894.4257,0
209,5,370309.0648,147019.5303,0
209,6,370313.8765,147255.3044,0
210,0,370311.4706,147298.6099,0
210,1,370280.1945,147635.43,0
210,2,370294.6296,147765.3463,0
210,3,370323.4999,147914.5095,0
210,4,370355.7341,148060.1042,0
211,0,370297.0355,147267.3337,0
211,1,370026.3765,147268.5366,0
211,2,369785.7907,147268.5366,0
211,3,369689.5563,147254.1015,0
211,4,369525.958,147143.432,0
211,5,369371.9831,147080.8797,0
211,6,369208.3848,147104.9383,0
211,7,369160.2676,147196.3609,0
211,8,369091.3078,147319.6225,0
211,9,369091.3951,147430.4957,0
212,0,370340.3409,147257.7103,0
212,1,370340.3409,147021.9362,0
212,2,370333.1234,146892.0199,0
212,3,370229.6715,146713.9864,0
212,4,370094.9434,146663.4634,0
212,5,369924.1275,146663.4634,0
212,6,369536.7844,146643.0136,0
213,0,370392.9443,148122.2798,0
213,1,370739.7133,148183.9656,0
214,0,370344.5604,148080.4625,0
214,1,368204.0696,147632.049,0
215,0,370383.4417,148062.7441,0
215,1,370352.3702,147902.4802,0
215,2,370323.4999,147765.3463,0
215,3,370311.4706,147633.0241,0
215,4,370342.7468,147298.6099,0
216,0,368196.1694,147608.3912,0
216,1,368270.4009,147321.5773,0
216,2,368316.0321,147242.3232,0
216,3,368445.7206,147187.0855,0
216,4,368645.0568,147081.4133,0
216,5,368738.7207,146990.151,0
216,6,368841.9912,146838.8477,0
216,7,368880.4175,146675.5362,0
216,8,368885.2208,146639.5116,0
217,0,368146.4562,147615.347,0
217,1,368031.1775,147581.724,0
217,2,367816.369,147480.4791,0
217,3,367619.7127,147412.6665,0
217,4,367394.7466,147384.8639,0
217,5,367017.0887,147390.2676,0
218,0,368196.8085,147667.584,0
218,1,370333.3062,148111.0659,0
219,0,367004.4983,147373.1238,0
219,1,367007.8109,147173.1459,0
219,2,367007.9735,147163.3304,0
219,3,367007.9735,147163.3304,0
219,4,367008.1361,147153.5149,0
219,5,367010.8833,146987.6743,0
220,0,367014.5997,147420.0371,0
220,1,367385.6531,147418.8363,0
220,2,367606.6039,147445.2544,0
220,3,367815.5466,147517.3036,0
220,4,368005.2762,147608.5659,0
220,5,368132.7787,147651.866,0
221,0,366947.4797,147387.6266,0
221,1,366664.19,147386.4237,0
221,2,366382.7046,147321.4655,0
221,3,366041.0728,147008.704,0
221,4,365858.2275,146768.1182,0
221,5,365564.7129,146440.9215,0
221,6,365093.1647,145825.0219,0
222,0,367230.4048,146862.2966,0
222,1,367023.3955,146764.2633,0
222,2,366917.7708,146730.5437,0
222,3,366841.8454,146695.9306,0
222,4,366808.3489,146651.2686,0
222,5,366794.9503,146613.3059,0
222,6,366794.9503,146570.877,0
222,7,366803.8827,146532.9143,0
222,8,366821.7475,146510.5833,0
222,9,366846.3116,146494.9516,0
222,10,366873.1088,146483.7861,0
222,11,366915.5377,146483.7861,0
222,12,366957.9666,146499.4178,0
222,13,366980.2976,146548.546,0
222,14,366991.4631,146604.3735,0
222,15,366993.6962,146673.5996,0
222,16,366986.9969,146827.6835,0
222,17,366983.6472,146944.363,0
223,0,367228.7204,146879.0042,0
223,1,367003.466,146781.0676,0
223,2,366605.7274,146657.8742,0
224,0,367243.9194,146926.0025,0
224,1,367583.4347,147073.6178,0
224,2,367632.9326,147132.1691,0
224,3,367644.456,147145.8002,0
224,4,367644.456,147145.8002,0
224,5,367655.9795,147159.4312,0
224,6,367811.8481,147343.8087,0
224,7,368026.2257,147808.2934,0
224,8,368278.6164,148230.1655,0
224,9,368622.4129,148538.7008,0
224,10,368848.0064,148683.6685,0
224,11,369348.2207,148755.1277,0
224,12,369916.2526,148741.9007,0
224,13,370416.3237,148587.3534,0
224,14,370559.5113,148484.8355,0
224,15,370572.2668,148475.703,0
224,16,370572.2668,148475.703,0
224,17,370585.0224,148466.5704,0
224,18,370721.5771,148368.8015,0
224,19,371014.9956,148168.6143,0
224,20,371167.0805,148058.9589,0
225,0,366593.9713,146703.4673,0
225,1,366662.0809,146728.0314,0
225,2,366754.7545,146764.8776,0
225,3,366807.2324,146787.2086,0
225,4,366858.5936,146806.1899,0
225,5,366896.5563,146826.2878,0
225,6,366924.4701,146841.9195,0
225,7,366951.2673,146863.134,0
225,8,366964.6659,146889.9312,0
225,9,366970.2486,146914.4953,0
225,10,366971.3652,146944.6421,0
226,0,366555.7791,146642.4035,0
226,1,366004.7416,146471.7281,0
226,2,365993.1095,146466.924,0
226,3,365993.1095,146466.924,0
226,4,365981.4775,146462.1199,0
226,5,365279.513,146111.1376,0
226,6,364279.0843,145646.6529,0
226,7,363135.7372,145253.6273,0
226,8,362564.0637,145074.9793,0
227,0,366594.8887,146690.9976,0
227,1,366972.2026,146807.8647,0
227,2,367213.183,146912.6388,0
228,0,365829.2009,145266.7383,0
228,1,365876.3074,145323.1027,0
229,0,365809.0041,145249.8018,0
229,1,365439.0068,145440.0846,0
229,2,365203.2327,145689.0909,0
229,3,365074.5193,145794.9486,0
230,0,365832.9441,145252.5671,0
230,1,365937.6209,145176.6431,0
230,2,366014.6083,145099.6557,0
230,3,366055.5079,144986.5804,0
230,4,366081.9723,144931.2456,0
230,5,366091.5958,144832.6055,0
230,6,366100.6177,144711.1096,0
230,7,366088.8828,144615.7968,0
230,8,366088.3569,144611.5254,0
230,9,366088.3569,144611.5254,0
230,10,366087.8311,144607.2541,0
230,11,366027.7881,144238.295,0
231,0,365060.863,145790.4083,0
231,1,364935.4307,145519.4779,0
231,2,364887.3135,145394.3733,0
231,3,364877.6901,145062.3649,0
231,4,364863.2549,144816.9674,0
231,5,364872.8783,144662.9925,0
231,6,364916.1838,144388.7247,0
231,7,364930.6189,144143.3272,0
231,8,364935.4307,144023.0343,0
231,9,364906.5604,143917.1765,0
231,10,364858.4432,143825.7539,0
231,11,364788.0719,143715.6859,0
232,0,365091.3603,145811.7897,0
232,1,365216.4649,145703.526,0
232,2,365457.0507,145450.911,0
232,3,365817.0112,145262.5221,0
233,0,365064.2944,145858.7039,0
233,1,365526.2191,146455.3567,0
233,2,365992.9556,147032.7626,0
233,3,366358.646,147369.5827,0
233,4,366655.7695,147422.5116,0
233,5,366951.0885,147424.3159,0
234,0,364799.5045,140955.1226,0
234,1,364945.2646,140958.5754,0
234,2,365154.0884,140988.2366,0
234,3,365308.5328,141161.5549,0
234,4,365747.3367,141650.4604,0
235,0,366774.2567,138947.2871,0
235,1,366778.3599,139276.9452,0
235,2,366823.5858,139455.9535,0
235,3,366966.6574,139590.2716,0
235,4,367091.7734,139619.3186,0
235,5,367363.4077,139634.6086,0
235,6,367381.8654,139635.6476,0
235,7,367381.8654,139635.6476,0
235,8,367400.3232,139636.6866,0
235,9,367540.6399,139644.5848,0
235,10,367805.046,139648.5514,0
235,11,368499.3206,139639.8376,0
236,0,366082.7087,140291.2871,0
236,1,366624.9862,140807.5069,0
237,0,371415.2586,142739.1919,0
237,1,370508.0358,142752.3144,0
238,0,368292.4101,139075.9192,0
238,1,368504.689,139616.2944,0
239,0,369830.9811,139090.5637,0
239,1,369842.3268,139655.8288,0
240,0,365035.7238,139522.2908,0
240,1,365426.2607,139843.3158,0
241,0,371624.7933,139380.2474,0
241,1,371225.4469,139704.1311,0
242,0,371023.7231,143575.4565,0
242,1,371030.3015,143499.4797,0
242,2,371014.6411,143388.3816,0
242,3,371073.5036,143305.2294,0
242,4,371185.6171,143301.2576,0
242,5,371232.6397,143369.2292,0
242,6,371234.0322,143521.677,0
243,0,371040.1799,143909.0833,0
243,1,371098.3878,143909.6068,0
243,2,371150.4687,143897.9392,0
243,3,371195.9141,143852.967,0
243,4,371216.0724,143785.288,0
243,5,371235.7031,143701.8136,0
243,6,371243.5082,143548.5989,0
244,0,372343.4073,143518.4462,0
244,1,371973.6579,143498.6597,0
245,0,367396.4147,144639.528,0
245,1,367365.9066,144039.1159,0
246,0,362532.8003,145101.7765,0
246,1,363104.4738,145280.4245,0
246,2,364251.003,145674.9275,0
246,3,365245.0675,146136.4574,0
246,4,365961.8604,146494.7404,0
246,5,365976.5364,146499.3793,0
246,6,365976.5364,146499.3793,0
246,7,365991.2124,146504.0182,0
246,8,366543.8563,146675.1911,0
247,0,370745.728,148161.11,0
247,1,370399.8255,148093.9909,0
248,0,369107.7847,147431.375,0
248,1,369107.7454,147343.0045,0
248,2,369219.2111,147120.5764,0
248,3,369365.9685,147098.9237,0
248,4,369519.9434,147162.6789,0
248,5,369677.5271,147273.3484,0
248,6,369785.7907,147288.9864,0
248,7,370021.5647,147286.5806,0
248,8,370299.4413,147287.7835,0
249,0,371323.4346,146201.3883,0
249,1,371152.6187,145756.3046,0
249,2,371066.0078,145433.9196,0
249,3,371080.443,145217.3924,0
249,4,371258.4765,144991.2417,0
249,5,371547.1794,144842.0785,0
249,6,371730.0246,144762.6852,0
250,0,374446.2383,142446.4455,0
250,1,374436.6148,142634.1024,0
250,2,374402.9328,142766.4246,0
250,3,374340.3805,142927.6171,0
250,4,374152.7236,143004.6045,0
250,5,373849.5855,143021.4455,0
250,6,373625.8407,143016.6338,0
250,7,373313.0792,143016.6338,0
251,0,374366.3939,138507.6049,0
251,1,374362.2512,138999.4913,0
252,0,372925.8864,148511.1623,0
252,1,372432.6855,148020.3673,0
253,0,363648.8981,141572.6679,0
253,1,363894.2956,141690.555,0
253,2,364144.5048,141907.0822,0
253,3,364548.689,142592.7517,0
253,4,364604.0237,142842.9609,0
253,5,364623.2706,142907.9191,0
253,6,364620.8647,142982.5007,0
253,7,364613.6472,143030.6178,0
254,0,365885.2605,145318.8059,0
254,1,365835.9654,145261.1519,0
