id,x,y,z,seq_id
100,366325.5556,143970.2806,0,0
100,366018.4837,144207.3879,0,1
101,366327.6929,143973.0522,0,0
101,366020.621,144210.1595,0,1
102,366329.8302,143975.8239,0,0
102,366022.7583,144212.9312,0,1
300,366007.1537,144209.3632,0,0
300,365351.5756,143668.2541,0,1
301,366005.112,144211.8272,0,0
301,365349.5339,143670.7182,0,1
400,366282.9031,142959.3865,0,0
400,366331.0301,143958.7814,0,1
401,366286.0995,142959.2346,0,0
401,366334.2265,143958.6295,0,1
500,366357.5173,143987.1857,0,0
500,367332.6409,144023.9152,0,1
501,366357.6512,143983.6883,0,0
501,367332.7748,144020.4178,0,1
502,366357.7852,143980.1908,0,0
502,367332.9088,144016.9203,0,1
600,367369.9292,144020.6777,0,0
600,368235.5966,143987.7516,0,1
601,367369.8028,144017.18,0,0
601,368235.4702,143984.2539,0,1
602,367369.6764,144013.6823,0,0
602,368235.3438,143980.7562,0,1
700,368253.3351,143955.0996,0,0
700,367358.6368,143055.8243,0,1
701,368250.8492,143957.5634,0,0
701,367356.1509,143058.2881,0,1
702,368248.3634,143960.0273,0,0
702,367353.6651,143060.752,0,1
800,366302.8393,142950.5731,0,0
800,367331.4662,143056.0821,0,1
801,366303.1473,142947.589,0,0
801,367331.7742,143053.0979,0,1
900,365356.6376,143659.5736,0,0
900,365710.9703,143336.9924,0,1
900,366276.2988,142956.153,0,2
901,365354.6223,143657.3514,0,0
901,365709.1126,143334.6267,0,1
901,366274.6274,142953.6617,0,2
1000,364796.3849,143710.6041,0,0
1000,365325.1135,143672.9908,0,1
1001,364796.1639,143707.4118,0,0
1001,365324.8925,143669.7984,0,1
1100,366284.2839,142204.3981,0,0
1100,366281.3274,142929.8953,0,1
1101,366287.4839,142204.4132,0,0
1101,366284.5273,142929.9103,0,1
1200,367355.9632,143037.9407,0,0
1200,367242.6075,142504.0559,0,1
1201,367352.5381,143038.6611,0,0
1201,367239.1824,142504.7763,0,1
1202,367349.113,143039.3815,0,0
1202,367235.7574,142505.4968,0,1
1300,366305.4664,142202.579,0,0
1300,366676.3996,142396.4702,0,1
1300,366864.5831,142464.514,0,2
1300,367212.9264,142505.7887,0,3
1301,366306.9505,142199.744,0,0
1301,366677.6907,142393.5343,0,1
1301,366865.3251,142461.3795,0,2
1301,367213.3049,142502.6112,0,3
1400,365765.8144,141671.1263,0,0
1400,366278.6367,142187.4194,0,1
1401,365768.0862,141668.8727,0,0
1401,366280.9085,142185.1658,0,1
1500,366000.4137,141426.7858,0,0
1500,365767.3109,141636.7185,0,1
1501,366002.42,141429.0163,0,0
1501,365769.3171,141638.949,0,1
1600,364799.4656,140956.7221,0,0
1600,364945.1327,140960.1727,0,1
1600,365153.2835,140989.7383,0,2
1600,365307.3402,141162.6215,0,3
1600,365746.1453,141651.5284,0,4
1601,364799.5434,140953.5231,0,0
1601,364945.3965,140956.978,0,1
1601,365154.8933,140986.7348,0,2
1601,365309.7255,141160.4883,0,3
1601,365748.5281,141649.3924,0,4
1701,366477.2225,141417.1022,0,0
1701,366039.613,141420.2401,0,1
1800,366028.589,141404.095,0,0
1800,366035.7879,141174.7237,0,1
1800,365919.058,140974.5845,0,2
1800,365648.0082,140684.3476,0,3
1800,365411.2978,140424.693,0,4
1800,365376.5095,140233.2902,0,5
1800,365447.4135,139866.882,0,6
1801,366025.5907,141403.9952,0,0
1801,366032.7623,141175.4908,0,1
1801,365916.6359,140976.3864,0,2
1801,365645.8033,140686.382,0,3
1801,365408.5002,140426.0773,0,4
1801,365373.4572,140233.2728,0,5
1801,365444.4692,139866.3065,0,6
2000,367430.1797,142289.8626,0,0
2000,367240.0728,142479.0641,0,1
2001,367432.6471,142292.3449,0,0
2001,367242.5401,142481.5464,0,1
2002,367435.1145,142294.8272,0,0
2002,367245.0075,142484.0287,0,1
2200,367451.2916,142301.2976,0,0
2200,367695.939,142741.6138,0,1
2200,368091.7089,143046.3338,0,2
2200,368429.1409,143169.0363,0,3
2200,368809.4895,143156.767,0,4
2200,369048.8479,143070.8434,0,5
2200,369214.8686,142947.8651,0,6
2200,369275.7338,142731.8783,0,7
2201,367454.0898,142299.7452,0,0
2201,367698.4151,142739.4816,0,1
2201,368093.2684,143043.4958,0,2
2201,368429.6545,143165.8181,0,3
2201,368808.8826,143153.5849,0,4
2201,369047.3224,143067.9911,0,5
2201,369212.0851,142945.9447,0,6
2201,369272.6554,142731.0045,0,7
2300,369282.8585,142701.3243,0,0
2300,369272.4781,142470.5492,0,1
2300,369112.5641,142292.1835,0,2
2300,368861.4396,142200.3087,0,3
2300,368732.7953,142047.1607,0,4
2300,368524.4321,141973.6208,0,5
2300,368414.2465,141869.5566,0,6
2300,368046.0853,141684.8202,0,7
2301,369279.6615,142701.462,0,0
2301,369269.3327,142471.8345,0,1
2301,369110.7146,142294.9143,0,2
2301,368859.5384,142203.0206,0,3
2301,368730.9067,142049.8876,0,4
2301,368522.7278,141976.4127,0,5
2301,368412.3911,141872.2058,0,6
2301,368044.6447,141687.6776,0,7
2400,368010.0001,141693.1526,0,0
2400,367455.1746,142268.7768,0,1
2401,368012.5186,141695.5832,0,0
2401,367457.693,142271.2073,0,1
2402,368015.037,141698.0137,0,0
2402,367460.2115,142273.6378,0,1
2501,368013.103,141672.3976,0,0
2501,367677.6498,141501.8215,0,1
2502,368011.5106,141675.5144,0,0
2502,367676.0574,141504.9383,0,1
2600,368562.1407,141381.4257,0,0
2600,368025.2032,141666.2579,0,1
2601,368563.7789,141384.5186,0,0
2601,368026.8415,141669.3509,0,1
2602,368565.4171,141387.6116,0,0
2602,368028.4797,141672.4438,0,1
2700,368312.7382,140791.7427,0,0
2700,368569.6544,141374.7479,0,1
2701,368315.6673,140790.4542,0,0
2701,368572.5835,141373.4593,0,1
2800,368588.0189,141406.1336,0,0
2800,369006.7706,141663.5189,0,1
2800,369521.3318,141926.9253,0,2
2800,369671.9574,142016.8343,0,3
2801,368589.6963,141403.4084,0,0
2801,369008.3399,141660.7274,0,1
2801,369522.8826,141924.1242,0,2
2801,369673.5992,142014.0876,0,3
3100,369702.453,142031.8137,0,0
3100,370106.8195,142119.2806,0,1
3101,369703.1315,142028.6865,0,0
3101,370107.498,142116.1533,0,1
3200,370133.9466,142121.1332,0,0
3200,370476.0428,141995.1541,0,1
3201,370132.8465,142118.1283,0,0
3201,370475.0399,141992.1134,0,1
3300,369287.1549,142723.9076,0,0
3300,369885.7645,142710.2295,0,1
3301,369287.0879,142720.7083,0,0
3301,369885.6975,142707.0303,0,1
3400,369223.7269,143967.5629,0,0
3400,368266.0774,143965.145,0,1
3401,369223.7115,143971.0629,0,0
3401,368266.0619,143968.6449,0,1
3402,369223.696,143974.5629,0,0
3402,368266.0464,143972.1449,0,1
3500,369901.2182,144000.8515,0,0
3500,369247.3521,143965.5954,0,1
3501,369901.0231,144004.3461,0,0
3501,369247.157,143969.09,0,1
3502,369900.828,144007.8407,0,0
3502,369246.9619,143972.5845,0,1
3800,371862.1487,144131.8286,0,0
3800,371700.6638,144447.9568,0,1
3800,371665.4559,144594.6567,0,2
3800,371735.7632,144741.1304,0,3
3801,371864.9975,144133.2861,0,0
3801,371703.6867,144449.0737,0,1
3801,371668.833,144594.2975,0,2
3801,371738.649,144739.7475,0,3
3900,371949.9523,143516.0982,0,0
3900,371927.1485,143951.9669,0,1
3900,371881.837,144101.3813,0,2
3901,371953.1478,143516.2674,0,0
3901,371930.3238,143952.5229,0,1
3901,371884.8987,144102.3119,0,2
4001,371947.573,143495.2046,0,0
4001,371250.5977,143528.2075,0,1
4100,372343.4903,143516.9485,0,0
4100,371973.7409,143497.162,0,1
4101,372343.3243,143519.944,0,0
4101,371973.5749,143500.1574,0,1
4200,371925.334,141540.4485,0,0
4200,371952.6215,143483.8235,0,1
4201,371928.5337,141540.4056,0,0
4201,371955.8212,143483.7806,0,1
4300,371375.3393,141701.5576,0,0
4300,371919.0312,141536.303,0,1
4301,371374.4145,141698.4941,0,0
4301,371918.1064,141533.2395,0,1
4400,370512.6426,141985.8901,0,0
4400,371343.3673,141708.4949,0,1
4401,370511.6348,141982.853,0,0
4401,371342.3596,141705.4577,0,1
4501,370484.4116,142000.244,0,0
4501,370483.976,142737.342,0,1
4502,370487.9116,142000.2483,0,0
4502,370487.476,142737.3463,0,1
4601,369483.5191,141137.0291,0,0
4601,369625.6917,141380.9542,0,1
4601,369852.6566,141503.638,0,2
4601,370476.4586,141972.9746,0,3
4602,369486.5441,141135.2686,0,0
4602,369628.2206,141378.3426,0,1
4602,369854.5514,141500.6836,0,2
4602,370478.5646,141970.1791,0,3
4700,369461.7424,141113.8324,0,0
4700,368594.4642,141372.5436,0,1
4701,369462.7408,141117.187,0,0
4701,368595.4625,141375.8982,0,1
4702,369463.7392,141120.5416,0,0
4702,368596.4609,141379.2528,0,1
4800,369819.4332,140795.534,0,0
4800,369488.4968,141100.3494,0,1
4801,369821.8028,140798.1099,0,0
4801,369490.8663,141102.9253,0,1
4802,369824.1723,140800.6858,0,0
4802,369493.2359,141105.5012,0,1
4900,368331.1005,140780.3906,0,0
4900,368955.0454,140788.9797,0,1
4900,369003.5052,140788.6023,0,2
4900,369040.7304,140785.2748,0,3
4900,369079.2591,140773.0423,0,4
4900,369102.4616,140743.8734,0,5
4900,369105.0912,140706.4564,0,6
4900,369140.7736,140198.739,0,7
4901,368331.1466,140777.191,0,0
4901,368955.0552,140785.7795,0,1
4901,369003.35,140785.4034,0,2
4901,369040.0962,140782.1187,0,3
4901,369077.3617,140770.2873,0,4
4901,369099.3391,140742.6585,0,5
4901,369101.9045,140706.1554,0,6
4901,369137.5819,140198.5086,0,7
5000,367620.9411,140951.2883,0,0
5000,368297.6884,140788.3489,0,1
5001,367620.1282,140947.884,0,0
5001,368296.8756,140784.9446,0,1
5201,367671.1176,141486.0827,0,0
5201,367682.1725,141252.5016,0,1
5201,367615.3976,140960.6257,0,2
5301,367608.2801,140926.6593,0,0
5301,367588.3833,140884.7323,0,1
5301,367524.004,140840.7577,0,2
5301,367289.3472,140731.7112,0,3
5301,367017.6884,140688.5969,0,4
5301,366719.3179,140762.2593,0,5
5301,366655.4609,140799.8375,0,6
5401,366632.1664,140826.5544,0,0
5401,366484.3832,141093.4408,0,1
5401,366484.3832,141174.5757,0,2
5401,366484.3832,141234.3301,0,3
5401,366488.3194,141406.0507,0,4
5500,366633.8573,140797.9221,0,0
5500,366090.8039,140272.0948,0,1
5600,368318.7202,140169.5702,0,0
5600,368306.7467,140757.3897,0,1
5601,368321.9195,140169.6374,0,0
5601,368309.946,140757.4569,0,1
5700,368336.4261,140139.0487,0,0
5700,368521.7116,139648.7486,0,1
5701,368333.4348,140137.9118,0,0
5701,368518.7204,139647.6117,0,1
5800,368290.9206,139076.5033,0,0
5800,368503.1994,139616.8785,0,1
5801,368293.8997,139075.3351,0,0
5801,368506.1785,139615.7103,0,1
6400,369150.243,140186.3349,0,0
6400,369798.0347,140207.7709,0,1
6401,369150.3508,140183.1367,0,0
6401,369798.1426,140204.5728,0,1
6500,369806.4132,140217.8805,0,0
6500,369824.8658,140776.6679,0,1
6501,369809.6115,140217.7769,0,0
6501,369828.0641,140776.5643,0,1
6600,369822.7126,140184.6241,0,0
6600,369856.7638,139689.0537,0,1
6601,369819.5206,140184.3987,0,0
6601,369853.5718,139688.8283,0,1
6700,369834.8284,139662.6497,0,0
6700,368530.4614,139624.0272,0,1
6701,369834.7276,139665.8481,0,0
6701,368530.3607,139627.2256,0,1
6800,369829.3814,139090.5948,0,0
6800,369840.7271,139655.8599,0,1
6801,369832.5808,139090.5327,0,0
6801,369843.9265,139655.7977,0,1
7100,371425.972,140449.8623,0,0
7100,371230.1407,139730.6712,0,1
7101,371422.8828,140450.6971,0,0
7101,371227.0516,139731.5061,0,1
7300,371443.699,140463.4585,0,0
7300,372741.0545,140081.4901,0,1
7301,371442.7208,140460.0979,0,0
7301,372740.0764,140078.1296,0,1
7302,371441.7427,140456.7374,0,0
7302,372739.0982,140074.769,0,1
7400,369851.2787,140794.0066,0,0
7400,371077.7233,140586.7531,0,1
7401,369850.7021,140790.5544,0,0
7401,371077.1467,140583.3009,0,1
7402,369850.1254,140787.1022,0,0
7402,371076.5701,140579.8487,0,1
7500,371090.6135,140590.8293,0,0
7500,371305.2238,141010.726,0,1
7500,371340.5302,141249.2547,0,2
7500,371343.8014,141682.01,0,3
7501,371093.4639,140589.3748,0,0
7501,371308.3124,141009.7376,0,1
7501,371343.7284,141249.0071,0,2
7501,371347.0013,141681.9878,0,3
7600,371107.7868,140581.353,0,0
7600,371412.3668,140475.0052,0,1
7601,371106.6394,140578.0465,0,0
7601,371411.2193,140471.6987,0,1
7602,371105.4919,140574.7399,0,0
7602,371410.0718,140468.3921,0,1
7700,371946.8742,141510.4967,0,0
7700,371973.2144,140988.4761,0,1
7700,371942.4182,140822.1768,0,2
7700,371751.9863,140711.6034,0,3
7700,371440.2954,140465.831,0,4
7701,371943.6786,141510.3294,0,0
7701,371969.9996,140988.6897,0,1
7701,371939.5395,140824.2056,0,2
7701,371750.1832,140714.2567,0,3
7701,371438.3092,140468.34,0,4
7800,369919.135,142712.8864,0,0
7800,370476.3043,142756.3678,0,1
7801,369919.386,142709.6963,0,0
7801,370476.5552,142753.1776,0,1
7900,369892.7803,142719.5644,0,0
7900,369874.8675,143021.9218,0,1
7900,369641.8334,143332.1017,0,2
7900,369227.2479,143958.6277,0,3
7901,369895.9746,142719.7556,0,0
7901,369878.0049,143023.0732,0,1
7901,369644.4493,143333.9474,0,2
7901,369229.9154,143960.3953,0,3
8001,370480.7244,142768.6381,0,0
8001,370439.2134,143038.8854,0,1
8001,370445.3497,143259.7898,0,2
8001,370500.4733,143449.6602,0,3
8001,370500.4733,143810.6943,0,4
8001,370468.9929,144023.9201,0,5
8002,370484.1835,142769.1717,0,0
8002,370442.7209,143039.1043,0,1
8002,370448.8359,143259.2445,0,2
8002,370503.9733,143449.1624,0,3
8002,370503.9733,143810.9513,0,4
8002,370472.4551,144024.4335,0,5
8100,371415.2365,142737.5921,0,0
8100,370508.0137,142750.7145,0,1
8101,371415.2808,142740.7918,0,0
8101,370508.0579,142753.9142,0,1
8200,371234.178,143548.6461,0,0
8200,371225.0653,143700.8716,0,1
8200,371204.6306,143784.0699,0,2
8200,371187.1152,143848.2931,0,3
8200,371149.1651,143887.7028,0,4
8200,371098.0784,143899.3798,0,5
8200,371039.6937,143899.3798,0,6
8300,371244.5682,143521.8898,0,0
8300,371244.5682,143364.1533,0,1
8300,371189.4376,143290.6459,0,2
8300,371066.9252,143296.7715,0,3
8300,370999.5434,143388.6558,0,4
8300,371011.7947,143498.917,0,5
8300,371005.669,143572.4244,0,6
8400,365035.7238,139522.2908,0,0
8400,365426.2607,139843.3158,0,1
8500,364666.6985,143066.2102,0,0
8500,364907.6431,143085.6915,0,1
8500,365107.0613,143073.9822,0,2
8500,365414.3132,142833.6295,0,3
8500,365660.8936,142617.9946,0,4
8500,365652.0478,142254.701,0,5
8500,365624.349,141896.1894,0,6
8500,365760.4977,141673.7473,0,7
8501,364666.9422,143063.2201,0,0
8501,364907.6762,143082.6844,0,1
8501,365105.9505,143071.0423,0,2
8501,365412.4002,142831.3172,0,3
8501,365657.8603,142616.662,0,4
8501,365649.0506,142254.8531,0,5
8501,365621.2831,141895.4519,0,6
8501,365757.9419,141672.1763,0,7
8700,367344.0686,144038.1401,0,0
8700,367368.0669,144642.5083,0,1
8701,367347.2661,144038.0152,0,0
8701,367371.2644,144642.3834,0,1
8800,371755.9913,144729.5331,0,0
8800,371687.9007,144594.0016,0,1
8800,371725.0348,144453.1424,0,2
8800,371884.2975,144136.8917,0,3
8801,371753.1292,144730.9642,0,0
8801,371684.4978,144594.3564,0,1
8801,371722.026,144452.0025,0,2
8801,371881.4422,144135.4469,0,3
9000,371895.2784,144106.1385,0,0
9000,371943.4806,143954.4111,0,1
9000,371965.3157,143514.3401,0,2
9001,371892.2304,144105.1638,0,0
9001,371940.3051,143953.8378,0,1
9001,371962.12,143514.1754,0,2
9100,371040.1799,143909.0833,0,0
9100,371098.3878,143909.6068,0,1
9100,371150.4687,143897.9392,0,2
9100,371195.9141,143852.967,0,3
9100,371216.0724,143785.288,0,4
9100,371235.7031,143701.8136,0,5
9100,371243.5082,143548.5989,0,6
9800,371215.1943,139739.2932,0,0
9800,371408.4262,140454.1854,0,1
9801,371218.2839,139738.4602,0,0
9801,371411.5159,140453.3524,0,1
9900,372736.7588,140054.2694,0,0
9900,371435.2394,140447.1727,0,1
9901,372737.7681,140057.6207,0,0
9901,371436.2487,140450.524,0,1
9902,372738.7775,140060.972,0,0
9902,371437.2581,140453.8752,0,1
10000,371406.3317,140458.7386,0,0
10000,371106.5659,140561.4158,0,1
10001,371407.4406,140462.0583,0,0
10001,371107.6748,140564.7355,0,1
10002,371408.5495,140465.378,0,0
10002,371108.7837,140568.0552,0,1
10100,371423.6397,140480.2636,0,0
10100,371747.972,140742.2759,0,1
10100,371911.377,140837.3792,0,2
10100,371944.9501,140987.4917,0,3
10100,371927.3214,141507.3515,0,4
10101,371425.6522,140477.7757,0,0
10101,371749.7928,140739.6331,0,1
10101,371914.1948,140835.3166,0,2
10101,371948.1621,140987.1919,0,3
10101,371930.5195,141507.462,0,4
10200,371023.7231,143575.4565,0,0
10200,371030.3015,143499.4797,0,1
10200,371014.6411,143388.3816,0,2
10200,371073.5036,143305.2294,0,3
10200,371185.6171,143301.2576,0,4
10200,371232.6397,143369.2292,0,5
10200,371234.0322,143521.677,0,6
10301,371250.3512,143542.0518,0,0
10301,371944.6915,143508.494,0,1
10400,371971.5285,143508.0794,0,0
10400,372342.1974,143528.5853,0,1
10401,371971.6961,143505.084,0,0
10401,372342.365,143525.59,0,1
10500,371967.0642,143483.8488,0,0
10500,371945.4838,141540.3507,0,1
10501,371963.8643,143483.8783,0,0
10501,371942.2839,141540.3802,0,1
10600,371916.1904,141523.2275,0,0
10600,371369.7534,141688.3008,0,1
10601,371917.1138,141526.2914,0,0
10601,371370.6769,141691.3646,0,1
10700,371338.6204,141696.2272,0,0
10700,370509.9529,141977.053,0,1
10701,371339.6456,141699.2585,0,0
10701,370510.9781,141980.0844,0,1
10800,371366.1708,141682.1253,0,0
10800,371369.4539,141241.2896,0,1
10800,371330.5087,141004.2725,0,2
10800,371107.6447,140585.4825,0,3
10801,371362.971,141682.0954,0,0
10801,371366.252,141241.5389,0,1
10801,371327.4365,141005.3109,0,2
10801,371104.817,140586.9805,0,3
10900,371073.1559,140569.6991,0,0
10900,369850.1784,140774.8497,0,1
10901,371073.7293,140573.1519,0,0
10901,369850.7518,140778.3024,0,1
10902,371074.3026,140576.6046,0,0
10902,369851.3251,140781.7551,0,1
11000,369840.7796,139687.8976,0,0
11000,369808.3157,140184.0502,0,1
11001,369843.9726,139688.1086,0,0
11001,369811.5087,140184.2612,0,1
11100,369841.0983,140775.6162,0,0
11100,369823.609,140217.8255,0,1
11101,369837.8997,140775.7104,0,0
11101,369820.4103,140217.9197,0,1
11200,369112.3275,140169.1831,0,0
11200,368341.034,140145.1325,0,1
11201,369112.2217,140172.3814,0,0
11201,368340.9282,140148.3308,0,1
11300,369500.8864,141115.5133,0,0
11300,369839.0635,140804.7818,0,1
11301,369498.5232,141112.9316,0,0
11301,369836.7003,140802.2001,0,1
11302,369496.16,141110.3499,0,0
11302,369834.3371,140799.6184,0,1
11401,370487.2029,141965.0595,0,0
11401,369868.4939,141477.7903,0,1
11401,369641.5143,141357.9906,0,2
11401,369497.6501,141125.8081,0,3
11402,370485.0322,141967.8051,0,0
11402,369866.5786,141480.737,0,1
11402,369639.0398,141360.6421,0,2
11402,369494.6714,141127.646,0,3
11500,368599.437,141388.9367,0,0
11500,369470.9612,141136.415,0,1
11501,368598.4693,141385.5731,0,0
11501,369469.9935,141133.0515,0,1
11502,368597.5017,141382.2095,0,0
11502,369469.0258,141129.6879,0,1
11600,368238.0122,143967.634,0,0
11600,367373.5701,144001.4314,0,1
11601,368238.1467,143971.1315,0,0
11601,367373.7046,144004.9288,0,1
11602,368238.2813,143974.6289,0,0
11602,367373.8391,144008.4262,0,1
11700,367398.0128,144639.4499,0,0
11700,367367.5047,144039.0378,0,1
11701,367394.8166,144639.6062,0,0
11701,367364.3085,144039.1941,0,1
11800,367331.3854,144001.8055,0,0
11800,366370.5906,143966.1731,0,1
11801,367331.249,144005.3029,0,0
11801,366370.4542,143969.6704,0,1
11802,367331.1127,144008.8002,0,0
11802,366370.3179,143973.1677,0,1
11900,366354.232,143956.3157,0,0
11900,366298.0449,142956.8278,0,1
11901,366351.0367,143956.4893,0,0
11901,366294.8496,142957.0014,0,1
12000,366033.7808,144221.1205,0,0
12000,366334.7376,143992.1038,0,1
12001,366031.6666,144218.3312,0,0
12001,366332.6234,143989.3145,0,1
12002,366029.5524,144215.5419,0,0
12002,366330.5092,143986.5252,0,1
12200,365339.75,143674.7446,0,0
12200,365995.6157,144224.2342,0,1
12201,365341.8067,143672.293,0,0
12201,365997.6723,144221.7826,0,1
12300,365322.7465,143657.3672,0,0
12300,364794.3453,143692.668,0,1
12301,365322.9578,143660.5602,0,0
12301,364794.5566,143695.8611,0,1
12400,366272.4867,142942.5175,0,0
12400,365697.837,143321.4675,0,1
12400,365347.3678,143644.532,0,2
12401,366274.1366,142945.023,0,0
12401,365699.6916,143323.8381,0,1
12401,365349.3997,143646.7391,0,2
12500,365745.8303,141663.6363,0,0
12500,365593.0902,141894.9917,0,1
12500,365623.7579,142256.8713,0,2
12500,365629.8702,142617.4926,0,3
12500,365391.5496,142806.9269,0,4
12500,365091.7576,143045.5369,0,5
12500,364920.8027,143057.748,0,6
12500,364671.0643,143042.5837,0,7
12501,365748.3329,141665.2907,0,0
12501,365596.1674,141895.7757,0,1
12501,365626.7558,142256.7191,0,2
12501,365632.8948,142618.9207,0,3
12501,365393.4171,142809.2748,0,4
12501,365092.8985,143048.4631,0,5
12501,364920.8187,143060.7545,0,6
12501,364670.8768,143045.5778,0,7
12600,365756.4607,141641.0495,0,0
12600,365166.637,140956.6433,0,1
12600,364945.3725,140932.0583,0,2
12600,364798.1152,140937.4584,0,3
12601,365754.0327,141643.1339,0,0
12601,365165.0339,140959.6848,0,1
12601,364945.2539,140935.2648,0,2
12601,364798.2304,140940.6563,0,3
12700,365776.8646,141646.1125,0,0
12700,366015.5244,141435.03,0,1
12701,365774.8813,141643.8616,0,0
12701,366013.5411,141432.779,0,1
12800,366289.4173,142173.7579,0,0
12800,365777.4246,141663.3564,0,1
12801,366287.1538,142176.0199,0,0
12801,365775.1611,141665.6184,0,1
12900,367217.7496,142489.0225,0,0
12900,366869.1376,142445.1246,0,1
12900,366685.624,142377.8363,0,2
12900,366311.4233,142190.7678,0,3
12901,367217.3438,142492.1966,0,0
12901,366868.3772,142448.2541,0,1
12901,366684.3538,142380.7788,0,2
12901,366309.987,142193.6273,0,3
13000,366297.8213,142928.5076,0,0
13000,366301.913,142206.2949,0,1
13001,366294.6214,142928.4834,0,0
13001,366298.7131,142206.2707,0,1
13100,367332.4262,143042.2704,0,0
13100,366303.6699,142938.094,0,1
13101,367332.1183,143045.2546,0,0
13101,366303.362,142941.0782,0,1
13200,367223.4252,142508.6759,0,0
13200,367340.0773,143040.486,0,1
13201,367226.8444,142507.9281,0,0
13201,367343.4965,143039.7383,0,1
13202,367230.2636,142507.1804,0,0
13202,367346.9157,143038.9905,0,1
13300,367348.0682,143067.2502,0,0
13300,368237.9859,143963.3982,0,1
13301,367350.5532,143064.7855,0,0
13301,368240.4709,143960.9336,0,1
13302,367353.0383,143062.3209,0,0
13302,368242.956,143958.4689,0,1
13400,368265.6075,143983.9606,0,0
13400,369221.087,143986.7113,0,1
13401,368265.6198,143980.4606,0,0
13401,369221.0993,143983.2113,0,1
13402,368265.6321,143976.9606,0,0
13402,369221.1116,143979.7113,0,1
13500,369245.809,143983.5417,0,0
13500,369899.771,144019.4332,0,1
13501,369246.003,143980.0471,0,0
13501,369899.965,144015.9386,0,1
13502,369246.197,143976.5525,0,0
13502,369900.159,144012.4439,0,1
13600,369248.2027,143961.5194,0,0
13600,369663.4772,143346.6995,0,1
13600,369896.57,143030.0444,0,2
13600,369913.6241,142720.7558,0,3
13601,369245.5543,143959.7232,0,0
13601,369660.8617,143344.8547,0,1
13601,369893.4274,143028.9157,0,2
13601,369910.4293,142720.5736,0,3
13701,370488.8827,144024.6967,0,0
13701,370520.7169,143813.499,0,1
13701,370523.0859,143448.1726,0,2
13701,370468.2527,143254.6032,0,3
13701,370459.8092,143038.425,0,4
13701,370497.8297,142771.7187,0,5
13702,370485.4228,144024.1684,0,0
13702,370517.2186,143813.2254,0,1
13702,370519.5827,143448.6476,0,2
13702,370464.7717,143255.1562,0,3
13702,370456.2995,143038.2449,0,4
13702,370494.3657,142771.2182,0,5
13800,370508.5228,142761.7016,0,0
13800,371414.4614,142748.0407,0,1
13801,370508.4806,142758.5019,0,0
13801,371414.4192,142744.841,0,1
13900,370476.4421,142743.5287,0,0
13900,369920.9281,142697.4973,0,1
13901,370476.1718,142746.7172,0,0
13901,369920.6578,142700.6858,0,1
14001,370501.5382,142738.4325,0,0
14001,370500.1628,141999.6276,0,1
14002,370498.0382,142738.4326,0,0
14002,370496.6628,141999.6278,0,1
14200,370108.1827,142109.9789,0,0
14200,369703.8804,142019.8299,0,1
14201,370107.4803,142113.1009,0,0
14201,369703.178,142022.9519,0,1
14300,369682.6623,142006.2796,0,0
14300,369532.7369,141911.6486,0,1
14300,369015.4141,141647.8356,0,2
14300,368597.5808,141393.3804,0,3
14301,369680.9491,142008.9824,0,0
14301,369531.1527,141914.4328,0,1
14301,369013.8528,141650.6314,0,2
14301,368595.9112,141396.1103,0,3
14400,368040.6654,141679.9277,0,0
14400,368569.6414,141397.2488,0,1
14401,368039.0217,141676.8377,0,0
14401,368567.9977,141394.1588,0,1
14402,368037.3779,141673.7477,0,0
14402,368566.3539,141391.0688,0,1
14800,369886.6458,142695.3349,0,0
14800,369286.1138,142713.1391,0,1
14801,369886.7386,142698.5336,0,0
14801,369286.2066,142716.3377,0,1
14900,368042.3545,141701.9482,0,0
14900,368394.1239,141892.6776,0,1
14900,368511.2326,141995.1581,0,2
14900,368715.7491,142072.3865,0,3
14900,368854.9542,142237.8383,0,4
14900,369098.7607,142325.0488,0,5
14900,369244.4074,142477.7296,0,6
14900,369264.0576,142699.4571,0,7
14901,368043.8815,141699.136,0,0
14901,368395.9627,141890.0345,0,1
14901,368512.9044,141992.3689,0,2
14901,368717.6604,142069.6877,0,3
14901,368856.8461,142235.1165,0,4
14901,369100.5526,142322.2912,0,5
14901,369247.496,142476.3313,0,6
14901,369267.2453,142699.1767,0,7
15000,369262.5683,142725.7413,0,0
15000,369194.7427,142935.0301,0,1
15000,369036.1933,143050.0681,0,2
15000,368805.9335,143134.8242,0,3
15000,368435.4037,143146.9887,0,4
15000,368098.7589,143029.9331,0,5
15000,367711.0819,142725.9317,0,6
15000,367462.303,142294.8277,0,7
15001,369265.6118,142726.7298,0,0
15001,369197.4655,142937.008,0,1
15001,369037.7141,143052.9182,0,2
15001,368806.5544,143138.0056,0,3
15001,368434.9144,143150.2065,0,4
15001,368097.2041,143032.7804,0,5
15001,367708.6199,142728.0676,0,6
15001,367459.5284,142296.4219,0,7
15200,367465.2703,142284.4314,0,0
15200,368025.0075,141703.9082,0,1
15201,367462.7553,142281.9973,0,0
15201,368022.4925,141701.474,0,1
15202,367460.2404,142279.5632,0,0
15202,368019.9776,141699.0399,0,1
15301,367444.1486,142268.5926,0,0
15301,367247.3065,141819.1684,0,1
15302,367440.94,142269.9907,0,0
15302,367244.0979,141820.5665,0,1
15401,367673.8785,141512.6532,0,0
15401,368008.3513,141683.6468,0,1
15402,367675.4737,141509.5379,0,0
15402,368009.9464,141680.5314,0,1
15500,368581.3878,141370.2935,0,0
15500,368325.4265,140787.6361,0,1
15501,368578.4556,141371.575,0,0
15501,368322.4943,140788.9175,0,1
15600,369120.2435,140196.8471,0,0
15600,369078.2588,140704.5888,0,1
15600,369071.1681,140738.8549,0,2
15600,369038.286,140766.4629,0,3
15600,369004.7165,140771.7824,0,4
15600,368957.1761,140771.3984,0,5
15600,368330.6279,140766.3374,0,6
15600,368330.4694,140766.3345,0,7
15601,369123.4324,140197.1128,0,0
15601,369081.4319,140705.0466,0,1
15601,369074.0766,140740.5912,0,2
15601,369039.6637,140769.4845,0,3
15601,369004.9556,140774.9844,0,4
15601,368957.1562,140774.5983,0,5
15601,368330.5856,140769.5372,0,6
15601,368330.4047,140769.5339,0,7
15700,368319.5697,140758.648,0,0
15700,368335.3194,140168.2356,0,1
15701,368316.3711,140758.5566,0,0
15701,368332.1207,140168.1442,0,1
15800,368297.2271,140772.6183,0,0
15800,367619.8596,140935.953,0,1
15801,368298.0454,140776.0213,0,0
15801,367620.6779,140939.356,0,1
15900,366082.7087,140291.2871,0,0
15900,366624.9862,140807.5069,0,1
16201,367248.6415,141803.6088,0,0
16201,367652.8185,141511.9477,0,1
16301,366494.631,141440.1287,0,0
16301,366632.3378,141704.284,0,1
16301,366816.1063,141832.922,0,2
16301,367061.1311,141845.1732,0,3
16301,367220.4135,141814.8421,0,4
16400,366039.7747,141428.8104,0,0
16400,366475.9378,141427.5063,0,1
16401,366039.7709,141425.3104,0,0
16401,366475.934,141424.0063,0,1
16500,365431.4524,139862.0616,0,0
16500,365356.1154,140236.2706,0,1
16500,365392.9991,140432.9838,0,2
16500,365626.0609,140696.7116,0,3
16500,365895.4914,140984.5123,0,4
16500,366011.5769,141180.0249,0,5
16500,366007.3616,141406.1373,0,6
16501,365434.393,139862.6556,0,0
16501,365359.1715,140236.291,0,1
16501,365395.7952,140431.6174,0,2
16501,365628.2804,140694.6928,0,3
16501,365897.9044,140982.7002,0,4
16501,366014.5923,141179.2273,0,5
16501,366010.361,141406.1951,0,6
16600,365436.0642,139835.2329,0,0
16600,365040.0168,139504.9999,0,1
16800,368503.9991,139646.4228,0,0
16800,368320.8963,140137.7085,0,1
16801,368506.9969,139647.5423,0,0
16801,368323.8941,140138.8279,0,1
17000,368520.3888,139617.1244,0,0
17000,368309.7728,139067.8407,0,1
17001,368517.3988,139618.2644,0,0
17001,368306.7828,139068.9807,0,1
17100,368530.8052,139639.5347,0,0
17100,369831.9402,139677.0333,0,1
17101,368530.8995,139636.3361,0,0
17101,369832.0344,139673.8347,0,1
17400,369853.0209,139656.9905,0,0
17400,369845.8062,139089.1325,0,1
17401,369849.8211,139657.0251,0,0
17401,369842.6064,139089.1671,0,1
17800,368341.5677,140159.575,0,0
17800,369109.7224,140185.1025,0,1
17801,368341.676,140156.3768,0,0
17801,369109.8307,140181.9043,0,1
17900,369799.7226,140191.1481,0,0
17900,369152.1625,140170.7203,0,1
17901,369799.6156,140194.3463,0,0
17901,369152.0555,140173.9185,0,1
18400,370460.9909,144055.5507,0,0
18400,370448.5571,144515.7592,0,1
18400,370430.1514,144633.9802,0,2
18401,370464.5895,144055.6502,0,0
18401,370452.1495,144516.0861,0,1
18401,370433.7082,144634.5363,0,2
18402,370468.1881,144055.7497,0,0
18402,370455.742,144516.4129,0,1
18402,370437.265,144635.0923,0,2
18500,370461.3844,144635.0675,0,0
18500,370478.4421,144519.2174,0,1
18500,370486.3573,144057.083,0,2
18501,370457.8238,144634.5363,0,0
18501,370474.8466,144518.9232,0,1
18501,370482.758,144057.0145,0,2
18502,370454.2632,144634.0051,0,0
18502,370471.2511,144518.6289,0,1
18502,370479.1586,144056.946,0,2
19302,371564.4264,147318.909,0,0
19302,371695.6274,147442.5817,0,1
19302,371804.8124,147513.481,0,2
19302,371940.5679,147634.122,0,3
19400,371966.2327,147594.329,0,0
19400,371843.2753,147489.5095,0,1
19400,371755.2617,147412.8525,0,2
19400,371599.3515,147291.8776,0,3
19401,371963.892,147597.0641,0,0
19401,371840.9253,147492.2368,0,1
19401,371752.9742,147415.6342,0,2
19401,371597.1392,147294.7176,0,3
19402,371961.5513,147599.7993,0,0
19402,371838.5753,147494.964,0,1
19402,371750.6867,147418.4159,0,2
19402,371594.9269,147297.5576,0,3
19500,371966.1463,147659.6885,0,0
19500,372351.5758,148002.9199,0,1
19501,371968.5422,147657.0015,0,0
19501,372353.9717,148000.2329,0,1
19502,371970.938,147654.3145,0,0
19502,372356.3675,147997.5459,0,1
19600,372398.5691,147979.7984,0,0
19600,371990.783,147613.1066,0,1
19601,372396.1569,147982.4707,0,0
19601,371988.3708,147615.7789,0,1
19602,372393.7447,147985.143,0,0
19602,371985.9586,147618.4513,0,1
19700,371637.8264,147633.1726,0,0
19700,372009.0381,147301.134,0,1
19701,371635.4314,147630.4848,0,0
19701,372006.6432,147298.4462,0,1
19702,371633.0365,147627.7971,0,0
19702,372004.2482,147295.7584,0,1
19800,371982.0725,147269.0913,0,0
19800,371579.1976,147621.3538,0,1
19900,372055.3822,147269.4426,0,0
19900,372510.7152,146892.6934,0,1
19901,372053.0925,147266.6646,0,0
19901,372508.4255,146889.9154,0,1
19902,372050.8028,147263.8866,0,0
19902,372506.1358,146887.1374,0,1
20000,372481.7184,146858.2692,0,0
20000,372024.4565,147234.0992,0,1
20001,372484.0025,146861.0518,0,0
20001,372026.7406,147236.8818,0,1
20002,372486.2866,146863.8344,0,0
20002,372029.0247,147239.6643,0,1
20100,371196.4472,148038.2385,0,0
20100,371600.9221,147668.1971,0,1
20101,371194.0222,148035.5778,0,0
20101,371598.4971,147665.5364,0,1
20102,371191.5972,148032.9171,0,0
20102,371596.0721,147662.8756,0,1
20200,371538.1354,147654.2137,0,0
20200,371169.3516,148001.8729,0,1
20201,371540.6032,147656.8348,0,0
20201,371171.8194,148004.4939,0,1
20202,371543.071,147659.4559,0,0
20202,371174.2872,148007.115,0,1
20300,371941.8858,147673.1792,0,0
20300,371955.2524,147746.6955,0,1
20300,371950.8199,147822.049,0,2
20300,371910.9663,147884.0433,0,3
20300,371875.5929,147912.7843,0,4
20300,371811.2832,147939.3952,0,5
20300,371753.5194,147941.6168,0,6
20300,371720.3468,147941.6168,0,7
20300,371671.565,147921.6606,0,8
20300,371642.8504,147906.199,0,9
20300,371616.3966,147875.3362,0,10
20300,371603.1796,147842.2937,0,11
20300,371599.4654,147782.8661,0,12
20300,371599.4654,147778.9219,0,13
20300,371607.0881,147711.1227,0,14
20300,371616.7011,147668.0053,0,15
20301,371944.8378,147672.6444,0,0
20301,371958.2684,147746.5126,0,1
20301,371953.7685,147823.0099,0,2
20301,371913.2305,147886.0692,0,3
20301,371877.1447,147915.3888,0,4
20301,371811.9346,147942.3723,0,5
20301,371753.5772,147944.6168,0,6
20301,371719.7569,147944.6168,0,7
20301,371670.2823,147924.3772,0,8
20301,371640.9362,147908.5755,0,9
20301,371613.7956,147876.9115,0,10
20301,371600.2155,147842.961,0,11
20301,371599.4635,147830.9294,0,12
20301,371599.4635,147781.6563,0,13
20301,371604.1207,147710.6463,0,14
20301,371613.7743,147667.3469,0,15
20400,372034.0324,147297.0002,0,0
20400,372112.0481,147284.7405,0,1
20400,372167.6519,147286.9647,0,2
20400,372229.789,147295.8414,0,3
20400,372265.2025,147317.9749,0,4
20400,372298.3455,147342.2797,0,5
20400,372331.4751,147412.9561,0,6
20400,372320.4248,147472.6277,0,7
20400,372297.1835,147530.1775,0,8
20400,372250.7506,147566.6605,0,9
20400,372182.9487,147596.6712,0,10
20400,372110.8861,147612.7369,0,11
20400,372064.5861,147617.2406,0,12
20400,372000.1234,147603.8206,0,13
20401,372033.5723,147294.0357,0,0
20401,372111.8735,147281.7312,0,1
20401,372167.9247,147283.9732,0,2
20401,372230.8412,147292.9613,0,3
20401,372266.8869,147315.4898,0,4
20401,372300.7369,147340.3132,0,5
20401,372334.6003,147412.5551,0,6
20401,372323.3196,147473.471,0,7
20401,372299.6658,147532.0424,0,8
20401,372252.3085,147569.2517,0,9
20401,372183.8914,147599.5347,0,10
20401,372111.3595,147615.705,0,11
20401,372064.4219,147620.2707,0,12
20401,371999.5064,147606.7565,0,13
20500,371591.2588,147264.1803,0,0
20500,371568.6894,147198.9054,0,1
20500,371578.043,147118.4505,0,2
20500,371610.7578,147042.9619,0,3
20500,371670.5735,146989.7924,0,4
20500,371737.1259,146967.6082,0,5
20500,371815.0689,146958.7004,0,6
20500,371881.4474,146956.4878,0,7
20500,371925.5957,146991.8065,0,8
20500,371965.5115,147033.9398,0,9
20500,371982.1231,147078.2374,0,10
20500,371994.35,147127.1452,0,11
20500,371997.6841,147186.0466,0,12
20500,371989.8847,147249.5556,0,13
20501,371588.4217,147265.1552,0,0
20501,371565.6304,147199.2389,0,1
20501,371575.1142,147117.664,0,2
20501,371608.2689,147041.1603,0,3
20501,371669.0406,146987.141,0,4
20501,371736.4742,146964.6632,0,5
20501,371814.8482,146955.7061,0,6
20501,371882.4557,146953.4526,0,7
20501,371927.6313,146989.5931,0,8
20501,371968.1072,147032.3176,0,9
20501,371984.9921,147077.344,0,10
20501,371997.3292,147126.6926,0,11
20501,372000.6945,147186.1454,0,12
20501,371992.8621,147249.9231,0,13
20600,371534.5214,147642.8028,0,0
20600,371450.8897,147670.2164,0,1
20600,371386.4874,147668.0707,0,2
20600,371324.2365,147645.8383,0,3
20600,371260.093,147617.0843,0,4
20600,371233.6283,147548.7172,0,5
20600,371235.8439,147477.8195,0,6
20600,371266.9078,147397.9408,0,7
20600,371304.3579,147358.2878,0,8
20600,371362.0104,147344.9833,0,9
20600,371417.7291,147329.3821,0,10
20600,371475.585,147324.9317,0,11
20600,371526.8915,147324.9317,0,12
20601,371535.454,147645.6542,0,0
20601,371451.3201,147673.2324,0,1
20601,371385.9194,147671.0535,0,2
20601,371323.1167,147648.6239,0,3
20601,371257.7405,147619.3174,0,4
20601,371230.6107,147549.2322,0,5
20601,371232.8614,147477.2116,0,6
20601,371264.3242,147396.3071,0,7
20601,371302.7996,147355.5685,0,8
20601,371361.2682,147342.0758,0,9
20601,371417.2045,147326.4136,0,10
20601,371475.4698,147321.9317,0,11
20601,371526.8858,147321.9317,0,12
20700,371212.3999,148053.9902,0,0
20700,371322.9101,148024.9674,0,1
20700,371425.5084,148002.6634,0,2
20700,371552.6718,147991.5087,0,3
20700,371688.8358,147984.8121,0,4
20700,371847.3491,147982.5795,0,5
20700,371972.3437,147982.5795,0,6
20700,372110.7198,147991.507,0,7
20700,372220.0586,148002.664,0,8
20700,372339.4738,148023.8686,0,9
20701,371211.6434,148051.0872,0,0
20701,371322.2101,148022.0495,0,1
20701,371425.0569,147999.6915,0,2
20701,371552.4669,147988.5152,0,3
20701,371688.741,147981.8132,0,4
20701,371847.3279,147979.5795,0,5
20701,371972.4405,147979.5795,0,6
20701,372110.9687,147988.5168,0,7
20701,372220.4737,147999.6908,0,8
20701,372340.0002,148020.9151,0,9
20800,372411.5708,147951.8864,0,0
20800,372398.1688,147831.2691,0,1
20800,372380.3131,147710.7427,0,2
20800,372375.8516,147554.5896,0,3
20800,372384.7715,147429.7112,0,4
20800,372407.0776,147322.6419,0,5
20800,372429.4044,147228.8691,0,6
20800,372452.8496,147128.3899,0,7
20800,372475.1833,147040.1718,0,8
20800,372494.7578,146950.3215,0,9
20800,372520.6947,146900.3269,0,10
20801,372408.5885,147952.2121,0,0
20801,372395.1932,147831.6546,0,1
20801,372377.3194,147711.0063,0,2
20801,372372.8485,147554.5254,0,3
20801,372381.7934,147429.2966,0,4
20801,372404.1493,147321.9884,0,5
20801,372426.4844,147228.1808,0,6
20801,372449.9344,147127.6809,0,7
20801,372472.2627,147039.4842,0,8
20801,372491.9113,146949.2937,0,9
20801,372518.0344,146898.9403,0,10
20900,372469.0376,146850.1452,0,0
20900,372334.6139,146876.498,0,1
20900,372153.1963,146880.8959,0,2
20900,371925.4196,146898.7607,0,3
20900,371746.7696,146903.227,0,4
20900,371581.4792,146916.6289,0,5
20900,371358.2297,146934.4888,0,6
20900,371237.7349,146934.4888,0,7
20900,371135.0123,146930.0227,0,8
20900,371112.6515,146930.0227,0,9
20901,372469.6129,146853.0895,0,0
20901,372334.9412,146879.4909,0,1
20901,372153.35,146883.893,0,2
20901,371925.5744,146901.7578,0,3
20901,371746.9284,146906.2239,0,4
20901,371581.7201,146919.6192,0,5
20901,371358.3496,146937.4888,0,6
20901,371237.6697,146937.4888,0,7
20901,371134.9471,146933.0226,0,8
20901,371112.6458,146933.0226,0,9
30000,371066.557,146990.0371,0,0
30000,371113.4339,147137.3645,0,1
30000,371140.192,147253.3165,0,2
30000,371149.1212,147369.3956,0,3
30000,371171.453,147498.9201,0,4
30000,371180.3718,147605.9455,0,5
30000,371175.9106,147699.6317,0,6
30000,371172.9395,147753.1101,0,7
30000,371172.9395,147830.625,0,8
30000,371162.522,147936.2246,0,9
30000,371153.5952,147994.2491,0,10
30001,371069.4164,146989.1293,0,0
30001,371116.3297,147136.5711,0,1
30001,371143.1659,147252.8616,0,2
30001,371152.1016,147369.0248,0,3
30001,371174.4317,147498.5399,0,4
30001,371183.3777,147605.892,0,5
30001,371178.9066,147699.7862,0,6
30001,371172.9452,147807.091,0,7
30001,371172.9452,147854.6875,0,8
30001,371165.4983,147936.6084,0,9
30001,371156.56,147994.7072,0,10
30100,371086.5071,146979.041,0,0
30100,371188.7847,147048.3259,0,1
30100,371540.9721,147309.5744,0,2
30101,371088.528,146976.0618,0,0
30101,371190.8676,147045.3886,0,1
30101,371543.1187,147306.6844,0,2
30102,371090.5489,146973.0825,0,0
30102,371192.9505,147042.4513,0,1
30102,371545.2654,147303.7944,0,2
30200,371577.8552,147278.7745,0,0
30200,371352.5228,147126.8448,0,1
30200,371214.2773,147026.1737,0,2
30200,371106.3557,146946.2093,0,3
30201,371575.837,147281.7556,0,0
30201,371350.4562,147129.7932,0,1
30201,371212.1461,147029.0751,0,2
30201,371104.2071,146949.0978,0,3
30202,371573.8188,147284.7367,0,0
30202,371348.3897,147132.7417,0,1
30202,371210.0148,147031.9765,0,2
30202,371102.0584,146951.9862,0,3
30900,366593.8214,146694.4358,0,0
30900,366970.9486,146811.2451,0,1
30900,367211.7455,146915.9394,0,2
30901,366594.8887,146690.9976,0,0
30901,366972.2026,146807.8647,0,1
30901,367213.183,146912.6388,0,2
30902,366595.956,146687.5595,0,0
30902,366973.4566,146804.4844,0,1
30902,367214.6205,146909.3383,0,2
31000,367230.162,146875.7055,0,0
31000,367004.72,146777.6872,0,1
31000,366606.799,146654.4374,0,2
31001,367228.7204,146879.0042,0,0
31001,367003.466,146781.0676,0,1
31001,366605.7274,146657.8742,0,2
31002,367227.2787,146882.303,0,0
31002,367002.212,146784.4479,0,1
31002,366604.6557,146661.311,0,2
31100,367014.602,147421.7871,0,0
31100,367385.5516,147420.5867,0,1
31100,367606.2104,147446.9698,0,2
31100,367814.8799,147518.9248,0,3
31100,368004.6131,147610.1889,0,4
31100,368132.215,147653.5227,0,5
31101,367014.5973,147418.2871,0,0
31101,367385.7545,147417.086,0,1
31101,367606.9975,147443.539,0,2
31101,367816.2134,147515.6824,0,3
31101,368005.9393,147606.9429,0,4
31101,368133.3425,147650.2093,0,5
31200,368146.9494,147613.6679,0,0
31200,368031.7993,147580.0825,0,1
31200,367817.0293,147478.8556,0,2
31200,367620.1096,147410.9523,0,3
31200,367394.8418,147383.1124,0,4
31200,367017.0647,147388.5178,0,5
31201,368145.963,147617.0261,0,0
31201,368030.5556,147583.3656,0,1
31201,367815.7088,147482.1025,0,2
31201,367619.3159,147414.3808,0,3
31201,367394.6513,147386.6155,0,4
31201,367017.1126,147392.0174,0,5
31300,368197.8627,147608.8329,0,0
31300,368272.0357,147322.2452,0,1
31300,368317.2565,147243.7038,0,2
31300,368446.4747,147188.6664,0,3
31300,368646.0982,147082.8419,0,4
31300,368740.0674,146991.2822,0,5
31300,368843.6202,146839.5654,0,6
31300,368882.1407,146675.853,0,7
31300,368886.955,146639.7461,0,8
31301,368194.4761,147607.9495,0,0
31301,368268.7661,147320.9095,0,1
31301,368314.8076,147240.9426,0,2
31301,368444.9666,147185.5046,0,3
31301,368644.0153,147079.9847,0,4
31301,368737.374,146989.0198,0,5
31301,368840.3623,146838.13,0,6
31301,368878.6942,146675.2193,0,7
31301,368883.4866,146639.277,0,8
31400,368852.2649,146635.6767,0,0
31400,368847.4729,146671.6169,0,1
31400,368809.141,146834.5275,0,2
31400,368706.1527,146985.4174,0,3
31400,368612.8172,147076.3597,0,4
31400,368417.3318,147171.1041,0,5
31400,368290.7569,147233.7888,0,6
31400,368243.5495,147317.3096,0,7
31400,368167.8406,147603.3212,0,8
31401,368855.7339,146636.1415,0,0
31401,368850.9194,146672.2505,0,1
31401,368812.3988,146835.9629,0,2
31401,368708.8461,146987.6797,0,3
31401,368614.8537,147079.2621,0,4
31401,368418.8717,147174.2472,0,5
31401,368293.2744,147236.4478,0,6
31401,368246.8179,147318.6402,0,7
31401,368171.2235,147604.2189,0,8
31500,368895.5013,146623.1066,0,0
31500,369278.0493,146649.5722,0,1
31500,369470.5323,146659.4692,0,2
31501,368895.7451,146619.6151,0,0
31501,369278.26,146646.0784,0,1
31501,369470.7142,146655.9739,0,2
31600,369470.7332,146634.0495,0,0
31600,368899.342,146599.1645,0,1
31601,369470.5133,146637.5425,0,0
31601,368899.1221,146602.6576,0,1
32100,369533.0602,146664.0066,0,0
32100,369919.2586,146689.2719,0,1
32100,370082.6641,146689.2719,0,2
32100,370197.2353,146722.6886,0,3
32100,370297.7273,146894.9605,0,4
32100,370307.3161,147019.6154,0,5
32100,370312.1268,147255.339,0,6
32101,369533.2909,146660.5142,0,0
32101,369919.373,146685.772,0,1
32101,370083.1641,146685.772,0,2
32101,370199.5553,146719.7194,0,3
32101,370301.1554,146893.891,0,4
32101,370310.8134,147019.4453,0,5
32101,370315.6261,147255.2698,0,6
32200,370340.342,147259.4603,0,0
32200,370340.342,147004.3125,0,1
32200,370334.8505,146891.5091,0,2
32200,370230.8707,146712.5671,0,3
32200,370095.2608,146661.7134,0,4
32200,369924.1737,146661.7134,0,5
32200,369536.8799,146641.2662,0,6
32201,370340.3398,147255.9603,0,0
32201,370340.3398,147079.8438,0,1
32201,370331.3957,146892.5299,0,2
32201,370228.4722,146715.4057,0,3
32201,370094.6261,146665.2134,0,4
32201,369924.0813,146665.2134,0,5
32201,369536.6888,146644.761,0,6
32300,370297.0294,147265.7337,0,0
32300,370026.3723,147266.9366,0,1
32300,369785.91,147266.9366,0,2
32300,369690.1524,147252.573,0,3
32300,369526.7156,147142.0128,0,4
32300,369372.1815,147079.2333,0,5
32300,369207.3476,147103.4736,0,6
32300,369158.8614,147195.5973,0,7
32300,369089.7121,147319.0807,0,8
32300,369089.7066,147430.535,0,9
32301,370297.0416,147268.9337,0,0
32301,370026.3806,147270.1366,0,1
32301,369785.6713,147270.1366,0,2
32301,369688.9603,147255.63,0,3
32301,369525.2004,147144.8513,0,4
32301,369371.7847,147082.5261,0,5
32301,369209.4219,147106.403,0,6
32301,369161.6738,147197.1245,0,7
32301,369092.9066,147319.923,0,8
32301,369092.9066,147430.535,0,9
32400,369109.3348,147431.7379,0,0
32400,369109.3348,147343.3197,0,1
32400,369220.191,147122.0491,0,2
32400,369365.7647,147100.571,0,3
32400,369519.1682,147164.0897,0,4
32400,369676.9202,147274.8773,0,5
32400,369785.6838,147290.5876,0,6
32400,370021.5693,147288.1806,0,7
32400,370299.4334,147289.3835,0,8
32401,369106.1348,147431.2921,0,0
32401,369106.1348,147342.5625,0,1
32401,369218.1561,147119.1147,0,2
32401,369366.1722,147097.2763,0,3
32401,369520.7185,147161.2681,0,4
32401,369678.1339,147271.8194,0,5
32401,369785.8975,147287.3853,0,6
32401,370021.5602,147284.9805,0,7
32401,370299.4493,147286.1835,0,8
32500,370309.7282,147298.447,0,0
32500,370278.4355,147635.4459,0,1
32500,370292.8981,147765.6096,0,2
32500,370321.7862,147914.865,0,3
32500,370354.0252,148060.4814,0,4
32501,370313.213,147298.7728,0,0
32501,370281.9535,147635.4141,0,1
32501,370296.3611,147765.083,0,2
32501,370325.2136,147914.154,0,3
32501,370357.4429,148059.727,0,4
32600,370385.1603,148062.4142,0,0
32600,370354.0856,147902.1334,0,1
32600,370325.2335,147765.0859,0,2
32600,370313.2281,147633.0264,0,3
32600,370344.4889,147298.7761,0,4
32601,370381.723,148063.0739,0,0
32601,370350.6549,147902.827,0,1
32601,370321.7664,147765.6067,0,2
32601,370309.7132,147633.0218,0,3
32601,370341.0047,147298.4436,0,4
32700,368196.4517,147669.2973,0,0
32700,370332.9495,148112.7792,0,1
32701,368197.1653,147665.8708,0,0
32701,370333.663,148109.3527,0,1
32800,370344.9225,148078.7504,0,0
32800,368204.4316,147630.3368,0,1
32801,370344.1983,148082.1747,0,0
32801,368203.7075,147633.7611,0,1
32900,370392.6368,148124.0026,0,0
32900,370739.4058,148185.6884,0,1
32901,370393.2519,148120.5571,0,0
32901,370740.0209,148182.2428,0,1
33000,370746.0646,148159.3926,0,0
33000,370400.1621,148092.2736,0,1
33001,370745.3914,148162.8273,0,0
33001,370399.4889,148095.7082,0,1
33100,366947.4905,147385.8766,0,0
33100,366664.3929,147384.6745,0,1
33100,366383.5467,147319.8639,0,2
33100,366042.3707,147007.5196,0,3
33100,365859.5778,146767.0026,0,4
33100,365566.061,146439.8036,0,5
33100,365094.5562,145823.9607,0,6
33101,366947.469,147389.3766,0,0
33101,366663.987,147388.1728,0,1
33101,366381.8625,147323.0672,0,2
33101,366039.7748,147009.8883,0,3
33101,365856.8773,146769.2338,0,4
33101,365563.3648,146442.0394,0,5
33101,365091.7732,145826.0831,0,6
33200,365062.91,145859.7743,0,0
33200,365524.8466,146456.4425,0,1
33200,365991.6754,147033.9627,0,2
33200,366357.8362,147371.216,0,3
33200,366655.6095,147424.2606,0,4
33200,366951.0767,147426.0659,0,5
33201,365065.6789,145857.6335,0,0
33201,365527.5917,146454.2708,0,1
33201,365994.2357,147031.5625,0,2
33201,366359.4558,147367.9494,0,3
33201,366655.9294,147420.7625,0,4
33201,366951.1003,147422.566,0,5
33300,365092.405,145813.0015,0,0
33300,365217.5703,145704.6854,0,1
33300,365458.027,145452.2059,0,2
33300,365817.7504,145263.9411,0,3
33301,365090.3156,145810.5778,0,0
33301,365215.3596,145702.3667,0,1
33301,365456.0745,145449.616,0,2
33301,365816.272,145261.1031,0,3
33500,365808.2733,145248.3784,0,0
33500,365438.0325,145438.7865,0,1
33500,365202.1394,145687.9184,0,2
33500,365073.5038,145793.7122,0,3
33501,365809.735,145251.2251,0,0
33501,365439.9811,145441.3827,0,1
33501,365204.326,145690.2633,0,2
33501,365075.5349,145796.185,0,3
33700,365885.2605,145318.8059,0,0
33700,365835.9654,145261.1519,0,1
33800,365829.2009,145266.7383,0,0
33800,365876.3074,145323.1027,0,1
33900,365062.4525,145789.6761,0,0
33900,364937.0431,145518.7954,0,1
33900,364889.0541,145394.0239,0,2
33900,364879.4386,145062.2881,0,3
33900,364865.0081,144816.9706,0,4
33900,364874.6198,144663.1839,0,5
33900,364917.9257,144388.913,0,6
33900,364932.3669,144143.4135,0,7
33900,364937.19,144022.8344,0,8
33900,364908.1982,143916.5311,0,9
33900,364859.9574,143824.8735,0,10
33900,364789.5481,143714.746,0,11
33901,365059.2736,145791.1406,0,0
33901,364933.8182,145520.1604,0,1
33901,364885.5729,145394.7226,0,2
33901,364875.9416,145062.4416,0,3
33901,364861.5017,144816.9642,0,4
33901,364871.1369,144662.801,0,5
33901,364914.4418,144388.5364,0,6
33901,364928.871,144143.2408,0,7
33901,364933.6713,144023.2342,0,8
33901,364904.9225,143917.8219,0,9
33901,364856.929,143826.6343,0,10
33901,364786.5957,143716.6258,0,11
34000,364768.5612,143725.6624,0,0
34000,364838.2257,143832.5615,0,1
34000,364910.214,144025.7299,0,2
34000,364906.6166,144144.443,0,3
34000,364889.783,144387.327,0,4
34000,364847.6774,144659.2089,0,5
34000,364840.4513,144815.7755,0,6
34000,364854.8908,145061.2477,0,7
34000,364868.1325,145398.3094,0,8
34000,364912.7478,145527.3319,0,9
34000,365032.5557,145802.3489,0,10
34001,364771.4947,143723.7533,0,0
34001,364841.3699,143830.9756,0,1
34001,364913.7331,144025.1503,0,2
34001,364910.1129,144144.6171,0,3
34001,364893.2644,144387.7165,0,4
34001,364851.165,144659.5584,0,5
34001,364843.956,144815.7534,0,6
34001,364858.3868,145061.0762,0,7
34001,364871.6095,145397.6548,0,8
34001,364916.011,145526.0591,0,9
34001,365035.7653,145800.9531,0,10
34100,364778.8421,143689.1065,0,0
34100,364673.628,143455.8317,0,1
34100,364637.6395,143340.6686,0,2
34100,364632.8405,143232.6919,0,3
34100,364635.2435,143131.7678,0,4
34100,364640.048,143081.3205,0,5
34100,364641.249,143070.5111,0,6
34101,364775.6489,143690.5394,0,0
34101,364670.3504,143457.0777,0,1
34101,364634.1632,143341.2784,0,2
34101,364629.3387,143232.728,0,3
34101,364631.7475,143131.56,0,4
34101,364636.5664,143080.9613,0,5
34101,364637.7712,143070.118,0,6
34200,364645.4564,143034.447,0,0
34200,364655.0974,142957.3191,0,1
34200,364652.6791,142884.768,0,2
34200,364640.6113,142846.151,0,3
34200,364593.6691,142587.3673,0,4
34200,364468.4166,142346.4972,0,5
34200,364189.153,141884.2677,0,6
34200,363919.3027,141662.6049,0,7
34200,363659.2837,141537.4106,0,8
34201,364641.9843,143034.0063,0,0
34201,364651.5902,142957.1593,0,1
34201,364649.1968,142885.3589,0,2
34201,364637.2061,142846.9885,0,3
34201,364590.3197,142588.5126,0,4
34201,364465.363,142348.2112,0,5
34201,364186.4676,141886.5913,0,6
34201,363917.4057,141665.5761,0,7
34201,363659.6588,141541.4757,0,8
34300,363648.1393,141574.2449,0,0
34300,363893.3272,141692.0312,0,1
34300,364143.1429,141908.2179,0,2
34300,364547.0403,142593.401,0,3
34300,364602.3283,142843.399,0,4
34300,364621.5124,142908.1452,0,5
34300,364619.1189,142982.3421,0,6
34300,364611.9167,143030.3572,0,7
34301,363649.6569,141571.091,0,0
34301,363895.2641,141689.0787,0,1
34301,364145.8668,141905.9465,0,2
34301,364550.3377,142592.1024,0,3
34301,364605.7191,142842.5229,0,4
34301,364625.0288,142907.693,0,5
34301,364622.6105,142982.6592,0,6
34301,364615.3776,143030.8785,0,7
34400,364604.6808,143066.6412,0,0
34400,364598.6635,143232.7175,0,1
34400,364603.4891,143340.0874,0,2
34400,364643.2915,143461.9068,0,3
34400,364750.3944,143694.1635,0,4
34401,364608.1784,143066.7702,0,0
34401,364602.1664,143232.7023,0,1
34401,364606.9642,143339.4538,0,2
34401,364646.5551,143460.6261,0,3
34401,364753.5736,143692.6999,0,4
34501,372386.9742,148034.8024,0,0
34501,372899.422,148525.5974,0,1
34502,372389.4659,148032.2041,0,0
34502,372901.9137,148522.9991,0,1
34600,372928.4306,148508.6153,0,0
34600,372435.2297,148017.8203,0,1
34601,372925.8864,148511.1623,0,0
34601,372432.6855,148020.3673,0,1
34602,372923.3422,148513.7093,0,0
34602,372430.1413,148022.9142,0,1
34700,372787.8875,140066.9465,0,0
34700,373877.1009,139875.8564,0,1
34701,372787.2893,140063.498,0,0
34701,373876.5026,139872.408,0,1
34800,373915.2955,139872.9293,0,0
34800,374163.0989,139836.8414,0,1
34800,374410.9022,139807.9711,0,2
34800,374562.4713,139781.5067,0,3
34800,374863.2035,139709.3309,0,4
34800,374993.1199,139617.9083,0,5
34800,375030.4107,139473.5569,0,6
34800,375020.7872,139373.7137,0,7
34800,374989.5111,139297.9292,0,8
34800,374911.3207,139252.2179,0,9
34800,374757.3458,139204.1008,0,10
34800,374641.8646,139165.607,0,11
34800,374560.0654,139136.7367,0,12
34800,374486.6868,139112.6782,0,13
34800,374444.5842,139038.0966,0,14
34900,374478.2663,140154.4147,0,0
34900,374475.8604,139853.6824,0,1
34900,374478.2663,139644.3728,0,2
34900,374502.3248,139425.4397,0,3
34900,374584.124,139314.7702,0,4
34900,374709.2286,139281.0882,0,5
34900,374858.3918,139271.4648,0,6
34900,374949.8144,139329.2054,0,7
34900,374959.4378,139396.5694,0,8
34900,374959.4378,139558.5625,0,9
34900,374930.5676,139627.5318,0,10
34900,374819.8981,139690.0841,0,11
34900,374567.283,139752.6364,0,12
34900,374420.5257,139774.2891,0,13
34900,374170.3164,139810.377,0,14
34900,373922.5131,139848.8707,0,15
35000,374448.7896,140141.1387,0,0
35000,374419.9193,139040.4586,0,1
35001,374445.1906,140141.2262,0,0
35001,374416.3203,139040.5462,0,1
35100,374359.7826,139041.7472,0,0
35100,374386.2471,140148.4419,0,1
35101,374363.3817,139041.6635,0,0
35101,374389.8461,140148.3581,0,1
35200,374422.9222,139007.9623,0,0
35200,374413.2988,138497.9204,0,1
35201,374419.3227,139008.0233,0,0
35201,374409.6993,138497.9814,0,1
35202,374415.7233,139008.0844,0,0
35202,374406.0998,138498.0425,0,1
35300,374362.794,138507.5723,0,0
35300,374358.6514,138999.4587,0,1
35301,374366.3939,138507.6049,0,0
35301,374362.2512,138999.4913,0,1
35302,374369.9937,138507.6375,0,0
35302,374365.8511,138999.5239,0,1
35400,374342.3353,139048.9229,0,0
35400,374331.5089,139152.3748,0,1
35400,374319.4796,139201.6949,0,2
35400,374280.9859,139406.1928,0,3
35400,374254.5215,139507.2389,0,4
35400,374228.057,139598.6615,0,5
35400,374172.7223,139694.8958,0,6
35400,374088.5173,139774.2891,0,7
35400,374033.1825,139807.9711,0,8
35400,373970.6302,139824.2106,0,9
35400,373921.3101,139836.8414,0,10
35500,373916.4984,139882.5527,0,0
35500,373987.4712,139880.1468,0,1
35500,374081.9012,139879.5454,0,2
35500,374182.9472,139887.3644,0,3
35500,374240.6878,139907.8142,0,4
35500,374318.2767,139961.946,0,5
35500,374348.3499,139999.2368,0,6
35500,374365.1909,140060.5862,0,7
35500,374370.0026,140132.7619,0,8
35500,374373.01,140148.4,0,9
35600,372753.2218,140089.7284,0,0
35600,372919.2568,140755.6731,0,1
35600,373092.4507,141179.0358,0,2
35600,373207.8965,141890.9519,0,3
35600,373284.8578,142448.9208,0,4
35600,373253.2689,142992.9709,0,5
35601,372756.6184,140088.8838,0,0
35601,372922.5918,140754.5815,0,1
35601,373095.8415,141178.0808,0,2
35601,373211.358,141890.4326,0,3
35601,373288.3717,142448.7818,0,4
35601,373256.7629,142993.176,0,5
35700,373301.1606,142993.0604,0,0
35700,373326.8639,142453.5911,0,1
35700,373252.2583,141880.8128,0,2
35700,373134.3327,141168.4462,0,3
35700,372958.0711,140749.1481,0,4
35700,372781.874,140084.6506,0,5
35701,373297.6649,142992.8872,0,0
35701,373323.3531,142453.735,0,1
35701,373248.7954,141881.3248,0,2
35701,373130.9469,141169.4235,0,3
35701,372954.7504,140750.2802,0,4
35701,372778.4892,140085.5412,0,5
35800,373308.2532,143044.8482,0,0
35800,373628.2396,143047.2541,0,1
35800,373844.8009,143047.2541,0,2
35800,374155.5416,143037.6187,0,3
35800,374358.5736,142943.3539,0,4
35800,374433.4625,142764.5868,0,5
35800,374467.2243,142639.1859,0,6
35800,374476.8565,142434.5017,0,7
35801,373308.2817,143041.3483,0,0
35801,373628.2535,143043.7541,0,1
35801,373844.7467,143043.7541,0,2
35801,374154.7173,143034.1426,0,3
35801,374355.8695,142940.7505,0,4
35801,374430.1438,142763.4506,0,5
35801,374463.746,142638.6423,0,6
35801,374473.3607,142434.3306,0,7
35900,374444.4906,142446.3547,0,0
35900,374434.876,142633.8392,0,1
35900,374401.263,142765.8902,0,2
35900,374339.021,142926.2833,0,3
35900,374152.3321,143002.8736,0,4
35900,373849.5557,143019.6945,0,5
35900,373625.8595,143014.8838,0,6
35900,373313.0825,143014.8838,0,7
35901,374447.9859,142446.5362,0,0
35901,374438.3536,142634.3656,0,1
35901,374404.6026,142766.9589,0,2
35901,374341.7401,142928.9508,0,3
35901,374153.1151,143006.3355,0,4
35901,373849.6153,143023.1966,0,5
35901,373625.8219,143018.3838,0,6
35901,373313.0759,143018.3838,0,7
36000,373246.3902,143059.6804,0,0
36000,373102.0471,144029.1849,0,1
36000,373005.8385,144471.7445,0,2
36000,372909.7683,144798.3833,0,3
36000,372775.675,144913.3204,0,4
36000,372571.7467,144987.6943,0,5
36000,372252.184,144994.9025,0,6
36000,372019.1116,144966.0688,0,7
36000,371858.7335,144913.4073,0,8
36000,371765.8408,144745.601,0,9
36001,373249.8518,143060.198,0,0
36001,373105.4919,144029.8151,0,1
36001,373009.2319,144472.6112,0,2
36001,372912.8335,144800.3658,0,3
36001,372777.4707,144916.391,0,4
36001,372572.4032,144991.1804,0,5
36001,372252.0077,144998.4073,0,6
36001,372018.3436,144969.5004,0,7
36001,371856.3367,144916.3041,0,8
36001,371762.7754,144747.2903,0,9
36100,371742.3581,144759.376,0,0
36100,371842.5306,144925.9279,0,1
36100,372015.3224,144985.1362,0,2
36100,372252.603,145015.248,0,3
36100,372574.1976,145009.2256,0,4
36100,372784.0578,144934.4478,0,5
36100,372936.2871,144811.2146,0,6
36100,373034.1915,144471.4112,0,7
36100,373133.1552,144035.2489,0,8
36100,373291.9499,143068.0451,0,9
36101,371745.3585,144757.5739,0,0
36101,371844.8722,144923.0305,0,1
36101,372016.1182,144981.7091,0,2
36101,372252.7916,145011.7438,0,3
36101,372573.561,145005.7369,0,4
36101,372782.3201,144931.3515,0,5
36101,372933.2289,144809.1872,0,6
36101,373030.8005,144470.5387,0,7
36101,373129.7186,144034.5775,0,8
36101,373288.4972,143067.4715,0,9
36200,371727.0706,144746.7469,0,0
36200,371539.3081,144815.3524,0,1
36200,371242.9943,144973.1456,0,2
36200,371059.6437,145204.7463,0,3
36200,371040.3316,145426.8357,0,4
36200,371127.0347,145764.0147,0,5
36200,371300.2916,146206.7821,0,6
36201,371728.1669,144749.7532,0,0
36201,371540.6156,144818.2816,0,1
36201,371245.0884,144975.6559,0,2
36201,371062.7485,145205.9799,0,3
36201,371043.5669,145426.5683,0,4
36201,371130.0855,145763.0296,0,5
36201,371303.2723,146205.6179,0,6
36300,371324.9295,146200.8178,0,0
36300,371154.1423,145755.809,0,1
36300,371067.622,145433.761,0,2
36300,371082.0065,145217.9929,0,3
36300,371259.5191,144992.504,0,4
36300,371547.866,144843.5247,0,5
36300,371730.6591,144764.154,0,6
36301,371321.9398,146201.9587,0,0
36301,371151.0951,145756.8001,0,1
36301,371064.3937,145434.0782,0,2
36301,371078.8795,145216.7918,0,3
36301,371257.4339,144989.9795,0,4
36301,371546.4928,144840.6323,0,5
36301,371729.3902,144761.2164,0,6
36400,367022.4986,146950.0619,0,0
36400,367031.3356,146917.4757,0,1
36400,367050.8968,146896.2843,0,2
36400,367093.659,146884.2232,0,3
36400,367154.0523,146898.629,0,4
36400,367209.2315,146921.1114,0,5
36401,367019.6047,146949.2712,0,0
36401,367028.6325,146915.981,0,1
36401,367049.2671,146893.627,0,2
36401,367093.5958,146881.124,0,3
36401,367154.9064,146895.7485,0,4
36401,367210.2405,146918.2862,0,5
36500,366593.4615,146704.878,0,0
36500,366661.5492,146729.4343,0,1
36500,366754.1837,146766.2648,0,2
36500,366806.6784,146788.603,0,3
36500,366857.98,146807.5623,0,4
36500,366895.8389,146827.6052,0,5
36500,366923.6328,146843.1698,0,6
36500,366950.0748,146864.1031,0,7
36500,366963.2433,146890.4401,0,8
36500,366968.7549,146914.6909,0,9
36500,366969.8662,146944.6967,0,10
36501,366594.4811,146702.0566,0,0
36501,366662.6125,146726.6286,0,1
36501,366755.3253,146763.4903,0,2
36501,366807.7863,146785.8142,0,3
36501,366859.2073,146804.8175,0,4
36501,366897.2738,146824.9704,0,5
36501,366925.3074,146840.6692,0,6
36501,366952.4598,146862.1649,0,7
36501,366966.0885,146889.4222,0,8
36501,366971.7424,146914.2996,0,9
36501,366972.8642,146944.5875,0,10
36600,367231.0493,146860.9421,0,0
36600,367023.9471,146762.8648,0,1
36600,366918.3119,146729.1418,0,2
36600,366842.8158,146694.7245,0,3
36600,366809.6869,146650.5526,0,4
36600,366794.9513,146608.8017,0,5
36600,366794.9513,146558.1563,0,6
36600,366805.141,146533.7426,0,7
36600,366822.7631,146511.715,0,8
36600,366847.0078,146496.2865,0,9
36600,366873.4088,146485.2861,0,10
36600,366915.2702,146485.2861,0,11
36600,366956.8602,146500.6088,0,12
36600,366978.8606,146549.0095,0,13
36600,366989.9679,146604.546,0,14
36600,366992.1951,146673.5912,0,15
36600,366985.4978,146827.6294,0,16
36600,366982.1479,146944.319,0,17
36601,367229.7602,146863.651,0,0
36601,367022.844,146765.6618,0,1
36601,366917.2297,146731.9455,0,2
36601,366840.875,146697.1368,0,3
36601,366807.0109,146651.9847,0,4
36601,366794.9494,146617.8102,0,5
36601,366794.9494,146565.5,0,6
36601,366802.4963,146532.2462,0,7
36601,366820.7319,146509.4517,0,8
36601,366845.6153,146493.6168,0,9
36601,366872.8088,146482.2861,0,10
36601,366915.8052,146482.2861,0,11
36601,366959.0729,146498.2269,0,12
36601,366981.7346,146548.0825,0,13
36601,366992.9583,146604.2011,0,14
36601,366995.1972,146673.608,0,15
36601,366988.4959,146827.7376,0,16
36601,366985.1466,146944.407,0,17
36700,367013.8976,146944.6898,0,0
36700,367019.3778,146761.653,0,1
36700,367019.3778,146596.375,0,2
36700,367016.3932,146563.9349,0,3
36700,366999.3796,146487.09,0,4
36700,366978.437,146457.3808,0,5
36700,366912.2537,146437.0167,0,6
36700,366826.4297,146455.6495,0,7
36700,366784.6018,146516.6955,0,8
36700,366774.5334,146570.3941,0,9
36700,366754.696,146610.0688,0,10
36700,366723.7921,146632.143,0,11
36700,366697.3429,146647.5717,0,12
36700,366650.3148,146651.8271,0,13
36700,366605.7907,146647.8052,0,14
36701,367010.8992,146944.5944,0,0
36701,367019.3759,146661.4716,0,1
36701,367019.3759,146686.1953,0,2
36701,367013.4186,146564.3779,0,3
36701,366996.5807,146488.3263,0,4
36701,366976.5754,146459.9468,0,5
36701,366912.1224,146440.1151,0,6
36701,366828.2308,146458.3284,0,7
36701,366787.434,146517.8697,0,8
36701,366777.4045,146571.36,0,9
36701,366757.0461,146612.0769,0,10
36701,366725.4232,146634.6646,0,11
36701,366698.278,146650.4994,0,12
36701,366650.3151,146654.8393,0,13
36701,366605.5152,146650.7925,0,14
37100,373875.0331,139860.3776,0,0
37100,372784.0674,140046.2901,0,1
37101,373875.6189,139863.8282,0,0
37101,372784.6532,140049.7407,0,1
37200,369910.8665,144020.0421,0,0
37200,370455.6694,144049.9426,0,1
37201,369911.0605,144016.5475,0,0
37201,370455.8634,144046.448,0,1
37202,369911.2545,144013.0529,0,0
37202,370456.0574,144042.9534,0,1
37300,370456.483,144028.3402,0,0
37300,369914.7979,143999.1328,0,1
37301,370456.2879,144031.8348,0,0
37301,369914.6029,144002.6274,0,1
37302,370456.0928,144035.3293,0,0
37302,369914.4078,144006.1219,0,1
37400,370493.4148,144052.1314,0,0
37400,370924.0165,144080.9174,0,1
37401,370493.6505,144048.6394,0,0
37401,370924.2522,144077.4253,0,1
37402,370493.8862,144045.1473,0,0
37402,370924.4879,144073.9333,0,1
37500,370925.2206,144061.4818,0,0
37500,370494.5741,144034.2964,0,1
37501,370924.9935,144064.9744,0,0
37501,370494.347,144037.789,0,1
37502,370924.7664,144068.4671,0,0
37502,370494.1199,144041.2816,0,1
3600,370933.5098,144081.552,0,0
3600,371213.134,144100.2451,0,1
3600,371215.6181,144100.7236,0,2
3700,371215.6181,144100.7236,0,0
3700,371218.6607,144101.3096,0,1
3700,371694.9416,144097.5501,0,2
3700,371859.8972,144123.08,0,3
3601,370933.7454,144078.06,0,0
3601,371213.5835,144096.7673,0,1
3601,371216.2822,144097.2872,0,2
3701,371216.2822,144097.2872,0,0
3701,371218.981,144097.807,0,1
3701,371695.1971,144094.048,0,2
3701,371860.4347,144119.6215,0,3
3602,370933.9811,144074.5679,0,0
3602,371214.0329,144093.2895,0,1
3602,371216.9464,144093.8508,0,2
3702,371216.9464,144093.8508,0,0
3702,371219.3014,144094.3044,0,1
3702,371695.4527,144090.5458,0,2
3702,371860.9722,144116.163,0,3
6000,365462.4933,139845.2811,0,0
6000,365836.2215,139527.376,0,1
6000,366079.972,139516.1565,0,2
6000,366185.675,139537.3421,0,3
6000,366193.1474,139538.8078,0,4
6001,365460.5539,139842.9923,0,0
6001,365835.0589,139524.4263,0,1
6001,366080.2012,139513.1428,0,2
6001,366186.2585,139534.3994,0,3
6001,366193.7267,139535.8642,0,4
6100,366193.1474,139538.8078,0,0
6100,366200.5733,139540.2643,0,1
6100,366326.8396,139573.2079,0,2
6100,366422.1051,139627.7267,0,3
6100,366590.443,139808.8669,0,4
6100,366739.0736,139917.9591,0,5
6100,366746.6524,139923.0421,0,6
6101,366193.7267,139535.8642,0,0
6101,366201.2414,139537.3382,0,1
6101,366327.9832,139570.4058,0,2
6101,366423.9916,139625.3498,0,3
6101,366592.4471,139806.6166,0,4
6101,366740.7974,139915.503,0,5
6101,366748.325,139920.5516,0,6
6200,366746.6524,139923.0421,0,0
6200,366754.1661,139928.0813,0,1
6200,366857.292,140007.3548,0,2
6200,367135.7893,140132.6408,0,3
6200,367579.382,140175.0885,0,4
6200,367631.0152,140174.6343,0,5
6200,367635.9063,140174.5529,0,6
6300,367635.9063,140174.5529,0,0
6300,367640.7811,140174.4718,0,1
6300,367929.1939,140175.8465,0,2
6300,368309.6448,140160.9101,0,3
6201,366748.325,139920.5516,0,0
6201,366755.9176,139925.6438,0,1
6201,366858.8424,140004.7627,0,2
6201,367136.5682,140129.7017,0,3
6201,367579.5121,140172.0872,0,4
6201,367630.9771,140171.6346,0,5
6201,367635.8621,140171.5533,0,6
6301,367635.8621,140171.5533,0,0
6301,367640.7635,140171.4717,0,1
6301,367929.1423,140172.8463,0,2
6301,368309.5328,140157.9122,0,3
8900,371863.9385,144104.5371,0,0
8900,371698.1456,144078.2,0,1
8900,371223.135,144083.1015,0,2
8900,371217.7722,144079.8026,0,3
9200,371217.7722,144079.8026,0,0
9200,371213.3617,144079.573,0,1
9200,370934.7886,144061.9875,0,2
9201,371218.4761,144084.5634,0,0
9201,371213.5102,144083.0893,0,1
9201,370934.5615,144065.4801,0,2
8901,371863.3828,144107.9927,0,0
8901,371697.8873,144081.7029,0,1
8901,371223.4114,144086.5988,0,2
8901,371218.4761,144084.5634,0,3
9202,371218.4761,144084.5634,0,0
9202,371213.6587,144086.6056,0,1
9202,370934.3344,144068.9727,0,2
9500,366757.6523,139911.3693,0,0
9500,366752.7377,139907.8633,0,1
9500,366603.2903,139793.171,0,2
9500,366430.5521,139616.8815,0,3
9500,366331.2295,139560.1208,0,4
9500,366204.4147,139527.3917,0,5
9500,366198.2675,139525.7507,0,6
9300,366198.2675,139525.7507,0,0
9300,366192.0679,139524.0958,0,1
9300,366082.4555,139501.3712,0,2
9300,365830.2332,139510.5855,0,3
9300,365455.73,139833.1093,0,4
9501,366755.9054,139913.8082,0,0
9501,366750.9528,139910.2751,0,1
9501,366601.2958,139795.422,0,2
9501,366428.7013,139619.2792,0,3
9501,366330.0903,139562.9251,0,4
9501,366203.653,139530.2934,0,5
9501,366197.4883,139528.6478,0,6
9301,366197.4883,139528.6478,0,0
9301,366191.376,139527.0161,0,1
9301,366082.2021,139504.3825,0,2
9301,365831.3939,139513.5451,0,3
9301,365457.6863,139835.3837,0,4
12100,366010.1308,144238.1833,0,0
12100,366070.8439,144609.2663,0,1
12100,366071.4265,144613.6966,0,2
33600,366071.4265,144613.6966,0,0
33600,366072.0125,144618.1536,0,1
33600,366083.3748,144704.8618,0,2
33600,366078.5717,144808.7286,0,3
33600,366068.3774,144907.6736,0,4
33600,366043.1982,144964.6266,0,5
33600,366000.0048,145081.3089,0,6
33600,365919.1218,145158.0843,0,7
33600,365821.6898,145239.8017,0,8
12101,366013.2892,144237.6686,0,0
12101,366074.0101,144608.7992,0,1
12101,366074.5995,144613.2815,0,2
33601,366074.5995,144613.2815,0,0
33601,366075.1853,144617.7371,0,1
33601,366086.5845,144704.7267,0,2
33601,366081.7641,144808.9667,0,3
33601,366071.5087,144908.5049,0,4
33601,366046.1649,144965.8302,0,5
33601,366002.7474,145083.1176,0,6
33601,365921.2535,145160.4729,0,7
33601,365823.7446,145242.2548,0,8
17700,369890.2793,142425.718,0,0
17700,369893.2887,142432.7175,0,1
17700,369896.5537,142689.6382,0,2
14600,369679.9736,142030.7743,0,0
14600,369664.6117,142194.0365,0,1
14600,369735.8626,142336.2861,0,2
14600,369885.0505,142419.7832,0,3
14600,369890.2793,142425.718,0,4
17701,369890.2793,142425.718,0,0
17701,369896.4745,142431.5827,0,1
17701,369899.7535,142689.5996,0,2
14700,369912.2673,142689.6461,0,0
14700,369908.0212,142431.4182,0,1
14700,369912.9978,142421.5824,0,2
3000,369912.9978,142421.5824,0,0
3000,369917.9744,142411.7466,0,1
3000,370113.9085,142134.9069,0,2
16700,368309.3586,140146.3341,0,0
16700,367929.6171,140161.099,0,1
16700,367640.4985,140157.9114,0,2
16700,367635.7224,140157.8158,0,3
9400,367635.7224,140157.8158,0,0
9400,367630.9259,140157.7199,0,1
9400,367582.4665,140157.2714,0,2
9400,367141.7297,140117.4827,0,3
9400,366866.4688,139995.1445,0,4
9400,366762.6068,139914.9039,0,5
9400,366757.6523,139911.3693,0,6
16701,368309.4733,140149.3319,0,0
16701,367929.6589,140164.0996,0,1
16701,367640.452,140160.911,0,2
16701,367635.6568,140160.8151,0,3
9401,367635.6568,140160.8151,0,0
9401,367630.882,140160.7196,0,1
9401,367582.3175,140160.2702,0,2
9401,367140.9652,140120.4259,0,3
9401,366864.9204,139997.7393,0,4
9401,366760.818,139917.3129,0,5
9401,366755.9054,139913.8082,0,6
16900,368498.0179,139624.6333,0,0
16900,367810.2348,139627.4876,0,1
16900,367516.2486,139621.3629,0,2
16900,367402.2578,139614.7547,0,3
16900,367384.3693,139615.1201,0,4
16901,368498.0278,139627.4333,0,0
16901,367810.2116,139630.2877,0,1
16901,367516.1384,139624.1612,0,2
16901,367402.0953,139617.55,0,3
16901,367384.3693,139615.1201,0,4
18100,367384.3693,139615.1201,0,0
18100,367366.5619,139614.0877,0,1
18100,367093.5258,139598.2596,0,2
18100,366971.0134,139567.6315,0,3
18100,366836.2498,139438.9935,0,4
18100,366799.4961,139267.4762,0,5
18100,366792.7052,138948.6396,0,6
5900,367381.8853,139635.2982,0,0
5900,367400.244,139638.0843,0,1
5900,367540.5901,139645.9842,0,2
5900,367805.0442,139649.9515,0,3
5900,368499.3356,139641.2376,0,4
18000,366774.2567,138947.2871,0,0
18000,366778.3599,139276.9452,0,1
18000,366823.5858,139455.9535,0,2
18000,366966.6574,139590.2716,0,3
18000,367091.7734,139619.3186,0,4
18000,367363.4075,139634.6086,0,5
18000,367381.8853,139635.2982,0,6
5901,367381.8853,139635.2982,0,0
5901,367400.4029,139635.2888,0,1
5901,367540.6898,139643.1854,0,2
5901,367805.0477,139647.1512,0,3
5901,368499.3057,139638.4377,0,4
38500,370615.3992,146645.4037,0,0
38500,370629.1207,146655.5968,0,1
38500,370836.9741,146810.0022,0,2
38500,371051.8579,146956.7215,0,3
38501,370617.5478,146642.5151,0,0
38501,370631.2668,146652.7064,0,1
38501,370839.0633,146807.0696,0,2
38501,371053.8897,146953.7497,0,3
38502,370619.5867,146639.5451,0,0
38502,370633.4168,146649.819,0,1
38502,370841.1525,146804.1369,0,2
38502,371055.9216,146950.7779,0,3
38700,370339.235,145086.9661,0,0
38700,370348.7267,145056.6339,0,1
38700,370432.5911,144788.6325,0,2
38700,370456.3884,144668.9359,0,3
38701,370335.8014,145085.8845,0,0
38701,370345.2913,145055.5581,0,1
38701,370429.0979,144787.7414,0,2
38701,370452.8588,144668.2272,0,3
38702,370332.3677,145084.8029,0,0
38702,370341.854,145054.488,0,1
38702,370425.6046,144786.8503,0,2
38702,370449.3293,144667.5185,0,3
30300,372531.7562,146875.2295,0,0
30300,372900.1179,146522.4953,0,1
30300,373190.0894,146286.472,0,2
30300,373206.3877,146273.2059,0,3
38900,373206.3877,146273.2059,0,0
38900,373223.0785,146259.6204,0,1
38900,373284.0324,146210.0067,0,2
38900,373659.3416,145932.9928,0,3
38900,373918.5637,145673.7708,0,4
38900,374372.8368,145225.3178,0,5
38900,374697.9405,143488.2591,0,6
38900,374780.3094,142672.5665,0,7
38900,374454.8511,140193.306,0,8
30301,372529.2713,146872.6246,0,0
30301,372897.7328,146519.7949,0,1
30301,373187.8192,146283.6781,0,2
30301,373204.3104,146270.255,0,3
38901,373204.3104,146270.255,0,0
38901,373220.8052,146256.829,0,1
38901,373281.826,146207.1609,0,2
38901,373656.9867,145930.2565,0,3
38901,373916.0263,145671.217,0,4
38901,374369.5055,145223.5477,0,5
38901,374694.374,143487.7462,0,6
38901,374776.6856,142672.6206,0,7
38901,374451.2808,140193.7678,0,8
30302,372526.7864,146870.0198,0,0
30302,372895.3477,146517.0944,0,1
30302,373185.5419,146280.8898,0,2
30302,373202.1254,146267.3917,0,3
38902,373202.1254,146267.3917,0,0
38902,373218.5319,146254.0376,0,1
38902,373279.6195,146204.3151,0,2
38902,373654.6319,145927.5203,0,3
38902,373913.4889,145668.6632,0,4
38902,374366.1743,145221.7776,0,5
38902,374690.8075,143487.2333,0,6
38902,374773.0618,142672.6748,0,7
38902,374447.7106,140194.2296,0,8
30600,367242.4819,146929.303,0,0
30600,367581.2282,147076.584,0,1
30600,367630.1937,147134.5055,0,2
30600,367641.0176,147148.7032,0,3
30601,367243.9194,146926.0025,0,0
30601,367583.4347,147073.6178,0,1
30601,367632.9305,147132.1666,0,2
30601,367644.456,147145.8002,0,3
30602,367245.3569,146922.7019,0,0
30602,367585.6411,147070.6516,0,1
30602,367635.6759,147129.8378,0,2
30602,367647.8944,147142.8971,0,3
30700,362531.7243,145105.212,0,0
30700,363103.351,145283.8453,0,1
30700,364249.6558,145678.2711,0,2
30700,365243.5044,146139.7008,0,3
30700,365960.5047,146498.0874,0,4
30700,365975.4492,146502.8112,0,5
37600,365975.4492,146502.8112,0,0
37600,365990.1373,146507.454,0,1
37600,366542.789,146678.6293,0,2
30701,362532.8003,145101.7765,0,0
30701,363104.4738,145280.4245,0,1
30701,364251.003,145674.9275,0,2
30701,365245.0675,146136.4574,0,3
30701,365961.8604,146494.7404,0,4
30701,365976.5364,146499.3793,0,5
37601,365976.5364,146499.3793,0,0
37601,365991.2124,146504.0182,0,1
37601,366543.8563,146675.1911,0,2
37602,365977.3613,146495.8645,0,0
37602,365992.2875,146500.5825,0,1
37602,366544.9236,146671.753,0,2
30702,362533.8762,145098.3411,0,0
30702,363105.5966,145277.0037,0,1
30702,364252.3502,145671.5839,0,2
30702,365246.6306,146133.2141,0,3
30702,365963.216,146491.3933,0,4
30702,365977.3613,146495.8645,0,5
31700,368890.1493,146593.8421,0,0
31700,368899.7895,146478.1606,0,1
31700,368885.2339,146376.2718,0,2
31700,368812.4684,146313.2084,0,3
31700,368752.2857,146274.6915,0,4
31700,368629.8812,146178.6879,0,5
31700,368562.9144,146075.8461,0,6
31700,368553.3355,145965.6887,0,7
31700,368553.3355,145855.3022,0,8
31700,368582.0223,145735.774,0,9
31700,368590.2892,145728.8696,0,10
31800,368590.2892,145728.8696,0,0
31800,368598.4961,145722.0152,0,1
31800,368744.0259,145726.3272,0,2
31800,369197.7441,145727.5307,0,3
31800,369418.9769,145679.4366,0,4
31800,369571.1222,145698.4548,0,5
31800,369571.1011,145839.9781,0,6
31800,369571.1222,146081.7172,0,7
31800,369508.5837,146500.243,0,8
31800,369501.3719,146569.9574,0,9
31800,369489.8069,146622.5256,0,10
31701,368886.662,146593.5449,0,0
31701,368896.2687,146478.264,0,1
31701,368881.9539,146378.0607,0,2
31701,368810.368,146316.0195,0,3
31701,368750.2578,146277.549,0,4
31701,368627.2648,146181.0839,0,5
31701,368559.5035,146077.0219,0,6
31701,368549.8355,145965.8405,0,7
31701,368549.8355,145854.888,0,8
31701,368578.8343,145733.8764,0,9
31701,368588.0507,145726.179,0,10
31801,368588.0507,145726.179,0,0
31801,368597.272,145718.4774,0,1
31801,368744.0824,145722.8274,0,2
31801,369197.3727,145724.0297,0,3
31801,369418.8177,145675.8895,0,4
31801,369574.6222,145695.365,0,5
31801,369574.6222,145839.475,0,6
31801,369574.6222,146081.9772,0,7
31801,369512.056,146500.6911,0,8
31801,369504.8328,146570.5153,0,9
31801,369493.2247,146623.2797,0,10
32000,369524.0812,146627.5929,0,0
32000,369536.109,146572.9212,0,1
32000,369543.3327,146503.0918,0,2
32000,369605.8984,146084.3831,0,3
32000,369605.8984,145679.1097,0,4
32000,369408.5255,145656.4782,0,5
32000,369194.9857,145697.5658,0,6
32000,368744.061,145697.5658,0,7
32000,368601.6036,145696.4615,0,8
32000,368575.3053,145713.2282,0,9
31900,368575.3053,145713.2282,0,0
31900,368548.8459,145730.0978,0,1
31900,368519.7623,145851.2792,0,2
31900,368519.7623,145931.2211,0,3
31900,368519.7623,145962.2317,0,4
31900,368529.4205,146073.3741,0,5
31900,368599.5658,146188.2673,0,6
31900,368715.3615,146283.5575,0,7
31900,368776.7165,146322.0548,0,8
31900,368845.9211,146378.1344,0,9
31900,368866.1907,146474.7129,0,10
31900,368856.5886,146589.9383,0,11
32001,369520.6644,146626.8344,0,0
32001,369532.648,146572.3633,0,1
32001,369539.8595,146502.6529,0,2
32001,369602.3984,146084.1231,0,3
32001,369602.3984,145682.2311,0,4
32001,369408.9983,145659.9514,0,5
32001,369195.3194,145701.0658,0,6
32001,368744.0474,145701.0658,0,7
32001,368602.612,145699.9694,0,8
32001,368577.185,145716.1806,0,9
31901,368577.185,145716.1806,0,0
31901,368551.9193,145732.2891,0,1
31901,368523.2623,145851.6934,0,2
31901,368523.2623,145930.6052,0,3
31901,368523.2623,145962.0799,0,4
31901,368532.8468,146072.2695,0,5
31901,368602.2455,146185.9397,0,6
31901,368717.4121,146280.7122,0,7
31901,368778.7558,146319.2024,0,8
31901,368849.091,146376.1982,0,9
31901,368869.721,146474.4942,0,10
31901,368860.0763,146590.2311,0,11
33400,365833.8811,145253.864,0,0
33400,365938.6627,145177.864,0,1
33400,366015.9917,145100.5351,0,2
33400,366056.9855,144987.1992,0,3
33400,366083.5374,144931.6816,0,4
33400,366093.19,144832.7424,0,5
33400,366102.225,144711.0707,0,6
33400,366090.4709,144615.6021,0,7
33400,366089.9453,144611.3329,0,8
200,366089.9453,144611.3329,0,0
200,366089.4153,144607.0277,0,1
200,366029.3678,144238.041,0,2
33401,365832.0071,145251.2701,0,0
33401,365936.579,145175.4223,0,1
33401,366013.2249,145098.7763,0,2
33401,366054.0303,144985.9616,0,3
33401,366080.4073,144930.8097,0,4
33401,366090.0015,144832.4685,0,5
33401,366099.0104,144711.1485,0,6
33401,366087.2946,144615.9904,0,7
33401,366086.7686,144611.7179,0,8
201,366086.7686,144611.7179,0,0
201,366086.2468,144607.4804,0,1
201,366026.2084,144238.549,0,2
37800,367009.7232,147163.3627,0,0
37800,367013.3854,147153.6033,0,1
37800,367016.1324,146987.7712,0,2
36900,367006.248,147373.1561,0,0
36900,367009.5607,147173.1745,0,1
36900,367009.7232,147163.3627,0,2
37801,367009.7232,147163.3627,0,0
37801,367009.8859,147153.5444,0,1
37801,367012.633,146987.7066,0,2
37802,367006.2262,147163.1564,0,0
37802,367006.3863,147153.4894,0,1
37802,367009.1336,146987.642,0,2
36901,367002.7486,147373.0915,0,0
36901,367006.0612,147173.1149,0,1
36901,367006.2262,147163.1564,0,2
37700,366556.8508,146638.9667,0,0
37700,366005.9638,146468.338,0,1
37700,365994.8352,146462.768,0,2
30800,365994.8352,146462.768,0,0
30800,365982.9715,146458.842,0,1
30800,365281.0763,146107.8944,0,2
30800,364280.431,145643.3091,0,3
30800,363136.8595,145250.2063,0,4
30800,362565.144,145071.5453,0,5
37701,366555.7791,146642.4035,0,0
37701,366004.7416,146471.7281,0,1
37701,365993.1095,146466.924,0,2
30801,365993.1095,146466.924,0,0
30801,365981.4775,146462.1199,0,1
30801,365279.513,146111.1376,0,2
30801,364279.0843,145646.6529,0,3
30801,363135.7372,145253.6273,0,4
30801,362564.0637,145074.9793,0,5
37702,366554.7075,146645.8403,0,0
37702,366003.5193,146475.1183,0,1
37702,365991.3838,146471.08,0,2
30802,365991.3838,146471.08,0,0
30802,365979.9835,146465.3978,0,1
30802,365277.9497,146114.3809,0,2
30802,364277.7375,145649.9967,0,3
30802,363134.615,145257.0483,0,4
30802,362562.9834,145078.4134,0,5
37900,366967.4485,146984.4282,0,0
37900,366965.2054,147154.7997,0,1
37900,366965.0708,147165.0252,0,2
36800,366965.0708,147165.0252,0,0
36800,366964.9361,147175.2551,0,1
36800,366962.3184,147374.0836,0,2
37901,366970.9482,146984.4765,0,0
37901,366968.7051,147154.8471,0,1
37901,366968.5705,147165.0735,0,2
36801,366968.5705,147165.0735,0,0
36801,366968.4358,147175.3035,0,1
36801,366965.818,147374.1319,0,2
37902,366974.4479,146984.5247,0,0
37902,366972.2048,147154.8919,0,1
37902,366972.0701,147165.1218,0,2
36802,366972.0701,147165.1218,0,0
36802,366971.9355,147175.3483,0,1
36802,366969.3177,147374.1802,0,2
38000,367641.0176,147148.7032,0,0
38000,367653.2301,147161.7552,0,1
38000,367808.7839,147345.7603,0,2
38000,368023.0376,147809.9767,0,3
38000,368275.8066,148232.4811,0,4
38000,368620.2235,148541.5732,0,5
38000,368846.7204,148687.1214,0,6
38000,369348.0066,148758.7337,0,7
38000,369916.8371,148745.4881,0,8
38000,370417.9446,148590.6204,0,9
38000,370561.6124,148487.7588,0,10
38000,370574.357,148478.634,0,11
38200,370574.357,148478.634,0,0
38200,370587.1152,148469.4996,0,1
38200,370723.6397,148371.7523,0,2
38200,371017.0631,148171.5618,0,3
38200,371169.1804,148061.883,0,4
38001,367644.456,147145.8002,0,0
38001,367655.9801,147159.432,0,1
38001,367811.8481,147343.8087,0,2
38001,368026.2257,147808.2934,0,3
38001,368278.6164,148230.1655,0,4
38001,368622.4129,148538.7008,0,5
38001,368848.0064,148683.6685,0,6
38001,369348.2207,148755.1277,0,7
38001,369916.2526,148741.9007,0,8
38001,370416.3237,148587.3534,0,9
38001,370559.511,148484.8357,0,10
38001,370572.2668,148475.703,0,11
38201,370572.2668,148475.703,0,0
38201,370585.0224,148466.5704,0,1
38201,370721.5771,148368.8015,0,2
38201,371014.9956,148168.6143,0,3
38201,371167.0805,148058.9589,0,4
38202,370570.1986,148472.7561,0,0
38202,370582.927,148463.643,0,1
38202,370719.5145,148365.8506,0,2
38202,371012.928,148165.6669,0,3
38202,371164.9806,148056.0348,0,4
38002,367647.8944,147142.8971,0,0
38002,367658.7263,147157.1042,0,1
38002,367814.9123,147341.8571,0,2
38002,368029.4137,147806.6102,0,3
38002,368281.4261,148227.85,0,4
38002,368624.6023,148535.8285,0,5
38002,368849.2924,148680.2157,0,6
38002,369348.4349,148751.5218,0,7
38002,369915.6681,148738.3134,0,8
38002,370414.7028,148584.0863,0,9
38002,370557.4168,148481.9075,0,10
38002,370570.1986,148472.7561,0,11
30500,367682.606,147118.7815,0,0
30500,367669.5439,147103.107,0,1
30500,367622.0203,147046.0787,0,2
30500,367260.5252,146888.9069,0,3
30501,367679.8361,147121.081,0,0
30501,367666.7669,147105.398,0,1
30501,367619.8015,147049.0395,0,2
30501,367259.0835,146892.2056,0,3
30502,367676.3736,147123.9552,0,0
30502,367664.007,147107.7095,0,1
30502,367617.5828,147052.0004,0,2
30502,367257.6419,146895.5043,0,3
38300,371145.9721,148028.699,0,0
38300,371012.0394,148126.9163,0,1
38300,370708.3359,148332.3628,0,2
38300,370564.7928,148437.9092,0,3
38300,370551.6319,148447.5863,0,4
38100,370551.6319,148447.5863,0,0
38100,370539.1209,148456.7856,0,1
38100,370405.0509,148555.3665,0,2
38100,369932.6732,148706.8839,0,3
38100,369379.6821,148724.7223,0,4
38100,368880.5523,148653.418,0,5
38100,368658.1467,148511.0784,0,6
38100,368310.4086,148199.0057,0,7
38100,368060.6785,147779.8161,0,8
38100,367846.1811,147315.0717,0,9
38100,367695.6597,147134.4459,0,10
38100,367682.606,147118.7815,0,11
38101,370554.088,148450.2488,0,0
38101,370541.2508,148459.6879,0,1
38101,370406.71,148558.615,0,2
38101,369933.2929,148710.4657,0,3
38101,369379.4841,148728.3305,0,4
38101,368879.2698,148656.8713,0,5
38101,368655.9598,148513.953,0,6
38101,368307.5963,148201.319,0,7
38101,368057.4891,147781.4962,0,8
38101,367843.1115,147317.0115,0,9
38101,367692.8962,147136.7531,0,10
38101,367679.8361,147121.081,0,11
38302,371150.2262,148034.5078,0,0
38302,371016.1869,148132.8033,0,1
38302,370712.4872,148338.2472,0,2
38302,370569.0548,148443.7122,0,3
38302,370556.2322,148453.1406,0,4
38102,370556.2322,148453.1406,0,0
38102,370543.3871,148462.5855,0,1
38102,370408.3692,148561.8634,0,2
38102,369933.9126,148714.0476,0,3
38102,369379.2861,148731.9388,0,4
38102,368877.9872,148660.3247,0,5
38102,368653.773,148516.8275,0,6
38102,368304.7839,148203.6323,0,7
38102,368054.2996,147783.1764,0,8
38102,367840.0419,147318.9513,0,9
38102,367690.134,147139.0619,0,10
38102,367676.3736,147123.9552,0,11
38400,374387.9798,140205.1472,0,0
38400,374701.0685,142671.7855,0,1
38400,374602.9241,143503.3786,0,2
38400,374298.5641,145194.66,0,3
38400,373884.3793,145645.4779,0,4
38400,373623.4193,145905.9758,0,5
38400,373251.9723,146180.1391,0,6
38400,373201.0824,146222.3172,0,7
38400,373181.6546,146238.4192,0,8
30400,373181.6546,146238.4192,0,0
30400,373162.2166,146254.5296,0,1
30400,372869.6684,146496.9969,0,2
30400,372500.1059,146844.3698,0,3
38401,374391.5514,140204.6962,0,0
38401,374704.6954,142671.7696,0,1
38401,374606.4866,143503.9089,0,2
38401,374301.9221,145196.326,0,3
38401,373886.9777,145647.9708,0,4
38401,373625.7729,145908.7131,0,5
38401,373254.1917,146182.9754,0,6
38401,373203.3829,146225.0863,0,7
38401,373183.9501,146241.1925,0,8
30401,373183.9501,146241.1925,0,0
30401,373164.5243,146257.2927,0,1
30401,372872.0522,146499.697,0,2
30401,372502.5698,146846.9945,0,3
30402,373186.4673,146243.7819,0,0
30402,373166.8139,146260.0709,0,1
30402,372874.4359,146502.397,0,2
30402,372505.0338,146849.6191,0,3
38402,374395.123,140204.2451,0,0
38402,374708.3222,142671.7537,0,1
38402,374610.049,143504.4392,0,2
38402,374305.2801,145197.9921,0,3
38402,373889.5761,145650.4636,0,4
38402,373628.1265,145911.4503,0,5
38402,373256.411,146185.8118,0,6
38402,373205.6793,146227.8588,0,7
38402,373186.4673,146243.7819,0,8
38600,371076.7638,146921.0845,0,0
38600,370896.5597,146787.8851,0,1
38600,370671.0797,146613.2652,0,2
38600,370655.6749,146601.3351,0,3
19100,370655.6749,146601.3351,0,0
19100,370640.7268,146589.7588,0,1
19100,370519.7323,146496.0563,0,2
19100,370253.6985,146088.5152,0,3
19100,370163.2598,145735.2392,0,4
19100,370231.1336,145390.2143,0,5
19100,370301.9912,145205.9846,0,6
19100,370329.7466,145117.2878,0,7
19100,370339.235,145086.9661,0,8
38601,371074.6185,146923.9754,0,0
38601,370894.3874,146790.7561,0,1
38601,370668.8742,146616.1105,0,2
38601,370653.6997,146604.3588,0,3
19101,370653.6997,146604.3588,0,0
19101,370638.5265,146592.6082,0,1
19101,370517.0489,146498.5315,0,2
19101,370250.3586,146089.9846,0,3
19101,370159.5704,145735.3432,0,4
19101,370227.6615,145389.2132,0,5
19101,370298.5898,145204.7997,0,6
19101,370326.3128,145116.2066,0,7
19101,370335.8014,145085.8845,0,8
38602,371072.4731,146926.8663,0,0
38602,370892.2151,146793.627,0,1
38602,370666.6741,146618.96,0,2
38602,370651.6854,146607.3522,0,3
19102,370651.6854,146607.3522,0,0
19102,370636.3189,146595.4518,0,1
19102,370514.3656,146501.0068,0,2
19102,370247.0187,146091.4541,0,3
19102,370155.8809,145735.4473,0,4
19102,370224.1895,145388.2121,0,5
19102,370295.1885,145203.6147,0,6
19102,370322.8776,145115.13,0,7
19102,370332.3677,145084.8029,0,8
38800,370420.9806,144662.3494,0,0
38800,370279.8314,145038.2938,0,1
38800,370268.9262,145067.3395,0,2
19000,370268.9262,145067.3395,0,0
19000,370258.0177,145096.3938,0,1
19000,370227.3051,145178.1952,0,2
19000,370159.0808,145374.5901,0,3
19000,370111.1449,145729.125,0,4
19000,370199.8012,146116.8538,0,5
19000,370439.1474,146514.4737,0,6
19000,370601.6804,146635.2126,0,7
19000,370615.3992,146645.4037,0,8
38801,370424.3501,144663.6169,0,0
38801,370283.2026,145039.5569,0,1
38801,370272.2957,145068.607,0,2
19001,370272.2957,145068.607,0,0
19001,370261.3889,145097.6566,0,1
19001,370230.6911,145179.4188,0,2
19001,370162.6,145375.4303,0,3
19001,370114.8,145728.9597,0,4
19001,370203.1824,146115.4903,0,5
19001,370441.8649,146512.0079,0,6
19001,370603.8268,146632.3224,0,7
19001,370617.5478,146642.5151,0,8
38802,370427.7196,144664.8844,0,0
38802,370286.5737,145040.82,0,1
38802,370275.6651,145069.8745,0,2
19002,370275.6651,145069.8745,0,0
19002,370264.7583,145098.9244,0,1
19002,370234.0771,145180.6423,0,2
19002,370166.1191,145376.2705,0,3
19002,370118.4551,145728.7944,0,4
19002,370206.5635,146114.1268,0,5
19002,370444.5825,146509.5421,0,6
19002,370605.9769,146629.435,0,7
19002,370619.5867,146639.5451,0,8
15102,367244.2676,142492.3169,0,0
15102,367438.7599,142297.6239,0,1
15101,367246.739,142494.7952,0,0
15101,367441.2314,142300.1022,0,1
15100,367249.2105,142497.2735,0,0
15100,367443.7028,142302.5805,0,1
2102,367233.4692,141823.1264,0,0
2102,367435.5578,142271.1789,0,1
2101,367230.2778,141824.5634,0,0
2101,367432.3664,142272.6159,0,1
1700,366477.1974,141413.6022,0,0
1700,366039.5663,141416.7404,0,1
17501,367603.5339,140965.5633,0,0
17501,367669.9298,141253.5661,0,1
17501,367660.7341,141486.7866,0,2
1901,367217.445,141805.4231,0,0
1901,367058.626,141837.8361,0,1
1901,366815.366,141824.6509,0,2
1901,366641.8062,141695.1701,0,3
1901,366506.399,141434.3863,0,4
5101,367649.9931,141505.7336,0,0
5101,367244.5614,141796.7276,0,1
16001,366500.343,141405.465,0,0
16001,366505.2733,141235.3096,0,1
16001,366505.2733,141096.9478,0,2
16001,366641.3266,140833.3722,0,3
16101,366665.4264,140811.4381,0,0
16101,366727.3757,140776.6324,0,1
16101,367019.6356,140704.0628,0,2
16101,367281.8523,140745.7741,0,3
16101,367510.4308,140853.8357,0,4
16101,367571.208,140893.9565,0,5
16101,367591.9771,140932.4734,0,6
17500,367600.1233,140966.3496,0,0
17500,367666.414,141253.8961,0,1
17500,367657.2368,141486.6487,0,2
1900,367216.7451,141801.9938,0,0
1900,367058.3666,141834.3169,0,1
1900,366816.6113,141821.2133,0,2
1900,366644.5425,141692.8448,0,3
1900,366509.5052,141432.7735,0,4
5100,367647.9523,141502.8902,0,0
5100,367242.5206,141793.8842,0,1
16000,366503.8416,141405.5664,0,0
16000,366508.7733,141235.3603,0,1
16000,366508.7733,141097.7978,0,2
16000,366644.4367,140834.9776,0,3
16100,366667.1408,140814.4895,0,0
16100,366728.6779,140779.9153,0,1
16100,367019.7885,140707.6311,0,2
16100,367280.8085,140749.1521,0,3
16100,367508.7101,140856.8936,0,4
16100,367568.5452,140896.3925,0,5
16100,367588.8965,140934.1346,0,6
5200,367674.6137,141486.2482,0,0
5200,367685.6912,141252.1883,0,1
5200,367618.8094,140959.8452,0,2
5300,367611.4421,140925.1588,0,0
5300,367591.1393,140882.3763,0,1
5300,367525.7402,140837.7051,0,2
5300,367290.3787,140728.3311,0,3
5300,367017.5373,140685.0291,0,4
5300,366717.983,140758.9838,0,5
5300,366653.6858,140796.8211,0,6
5400,366629.1045,140824.859,0,0
5400,366480.8832,141092.5365,0,1
5400,366480.8832,141234.3702,0,2
5400,366484.8203,141406.1309,0,3
16200,367250.6896,141806.447,0,0
16200,367654.8666,141514.7859,0,1
16300,366491.5274,141441.7466,0,0
16300,366629.6297,141706.6606,0,1
16300,366814.9249,141836.3673,0,2
16300,367061.3745,141848.6897,0,3
16300,367221.2005,141818.2551,0,4
15300,367447.3546,142267.1884,0,0
15300,367250.5125,141817.7642,0,1
2100,367227.0874,141826.0024,0,0
2100,367429.176,142274.0549,0,1
4500,370480.9116,142000.2419,0,0
4500,370480.476,142737.3399,0,1
4600,369480.4952,141138.7916,0,0
4600,369623.1628,141383.5658,0,1
4600,369850.7618,141506.5924,0,2
4600,370474.3543,141975.7714,0,3
8000,370477.265,142768.1067,0,0
8000,370435.706,143038.6665,0,1
8000,370441.8635,143260.3351,0,2
8000,370496.9733,143450.158,0,3
8000,370496.9733,143810.4373,0,4
8000,370465.5304,144023.4089,0,5
11400,370489.3684,141962.3099,0,0
11400,369870.4092,141474.8436,0,1
11400,369643.9888,141355.339,0,2
11400,369500.6253,141123.9646,0,3
13700,370492.3436,144025.2184,0,0
13700,370524.2152,143813.7726,0,1
13700,370526.5891,143447.6976,0,2
13700,370471.7338,143254.0502,0,3
13700,370463.3189,143038.6051,0,4
13700,370501.2947,142772.2127,0,5
14000,370505.0382,142738.426,0,0
14000,370503.6628,141999.6211,0,1
2500,368014.6894,141669.2778,0,0
2500,367679.2362,141498.7017,0,1
15400,367672.2853,141515.7696,0,0
15400,368006.7581,141686.7632,0,1
14100,370473.1346,141986.337,0,0
14100,370133.0362,142108.9404,0,1
14101,370474.1373,141989.3771,0,0
14101,370134.1196,142111.9514,0,1
4000,371947.4216,143492.0082,0,0
4000,371250.4463,143525.0111,0,1
10300,371250.5057,143545.2481,0,0
10300,371944.846,143511.6903,0,1
8201,371237.1726,143548.8254,0,0
8201,371228.0437,143701.3227,0,1
8201,371207.5349,143784.8225,0,2
8201,371189.8078,143849.8219,0,3
8201,371150.7056,143890.4281,0,4
8201,371098.5115,143902.3582,0,5
8201,371040.2884,143902.3796,0,6
8301,371241.5682,143521.8898,0,0
8301,371241.5682,143365.1533,0,1
8301,371187.9945,143293.7218,0,2
8301,371068.5004,143299.6965,0,3
8301,371002.6542,143389.4868,0,4
8301,371014.8086,143498.8755,0,5
8301,371008.6586,143572.6735,0,6
10201,371020.8077,143574.3496,0,0
10201,371027.2833,143499.5607,0,1
10201,371011.5042,143387.6207,0,2
10201,371071.9131,143302.2839,0,3
10201,371187.1507,143298.2014,0,4
10201,371235.6312,143368.2803,0,5
10201,371237.0321,143521.6496,0,6
9101,371040.2069,143906.0834,0,0
9101,371098.0692,143906.6038,0,1
9101,371148.9714,143895.2003,0,2
9101,371193.2581,143851.3747,0,3
9101,371213.1722,143784.5158,0,4
9101,371232.7208,143701.3905,0,5
9101,371240.5121,143548.4463,0,6
7201,371231.1016,139710.8875,0,0
7201,371632.4361,139392.9109,0,1
9701,371625.2944,139381.6436,0,0
9701,371226.3288,139705.2184,0,1
7001,371201.5416,139717.6987,0,0
7001,370531.0999,139694.5137,0,1
7001,370527.442,139694.3371,0,2
6901,370527.442,139694.3371,0,0
6901,370523.8016,139694.1613,0,1
6901,369860.7547,139669.6333,0,2
17201,369863.0181,139675.8571,0,0
17201,370524.2797,139698.3156,0,1
17201,370528.7978,139698.151,0,2
17301,370528.7978,139698.151,0,0
17301,370533.4176,139697.9827,0,1
17301,371200.7951,139723.6679,0,2
7200,371232.8404,139713.0821,0,0
7200,371634.1749,139395.1055,0,1
9700,371623.9114,139379.1601,0,0
9700,371224.565,139703.0438,0,1
7000,371201.6384,139714.9003,0,0
7000,370531.2159,139691.7161,0,1
7000,370527.577,139691.5403,0,2
6900,370527.577,139691.5403,0,0
6900,370523.9208,139691.3637,0,1
6900,369860.8583,139666.8353,0,2
17200,369862.9231,139678.6555,0,0
17200,370524.2831,139701.1174,0,1
17200,370528.8998,139700.9492,0,2
17300,370528.8998,139700.9492,0,0
17300,370533.4148,139700.7847,0,1
17300,371200.6875,139726.4659,0,2
38301,371148.0991,148031.6034,0,0
38301,371014.1132,148129.8598,0,1
38301,370710.4116,148335.305,0,2
38301,370566.9252,148440.8097,0,3
38301,370554.088,148450.2488,0,4
19801,371984.4404,147271.8029,0,0
19801,371581.5655,147624.0654,0,1
19802,371986.8084,147274.5145,0,0
19802,371583.9334,147626.777,0,1
19300,371559.4844,147324.1452,0,0
19300,371691.1615,147448.2665,0,1
19300,371800.4357,147519.2238,0,2
19300,371935.7817,147639.5009,0,3
19301,371561.9554,147321.5271,0,0
19301,371693.3945,147445.4241,0,1
19301,371802.624,147516.3524,0,2
19301,371938.1748,147636.8115,0,3
34500,372384.4825,148037.4008,0,0
34500,372896.9303,148528.1958,0,1
